onset	duration	value	event	stim_file
7699	0	111	button_press	n/a
8121	0	20	cross/white	n/a
8638	0	24	white/angry/standard/4	SHINEd_008_y_m_a_b.jpg
8723	0	20	cross/white	n/a
9223	0	25	white/angry/standard/5	SHINEd_010_y_f_a_a.jpg
9343	0	20	cross/white	n/a
9867	0	61	white/neutral/deviant/1	SHINEd_008_y_m_n_b.jpg
9969	0	20	cross/white	n/a
10499	0	62	white/neutral/standard/2	SHINEd_008_y_m_n_b.jpg
10626	0	20	cross/white	n/a
11150	0	63	white/neutral/standard/3	SHINEd_008_y_m_n_b.jpg
11252	0	20	cross/white	n/a
11758	0	64	white/neutral/standard/4	SHINEd_008_y_m_n_b.jpg
11860	0	20	cross/white	n/a
12366	0	65	white/neutral/standard/5	SHINEd_008_y_m_n_b.jpg
12468	0	20	cross/white	n/a
12956	0	66	white/neutral/standard/6	SHINEd_008_y_m_n_b.jpg
13040	0	20	cross/white	n/a
13528	0	61	white/neutral/deviant/1	SHINEd_008_y_m_n_b.jpg
13631	0	20	cross/white	n/a
14124	0	62	white/neutral/standard/2	SHINEd_008_y_m_n_b.jpg
14215	0	20	cross/white	n/a
14733	0	63	white/neutral/standard/3	SHINEd_008_y_m_n_b.jpg
14859	0	20	cross/white	n/a
15407	0	64	white/neutral/standard/4	SHINEd_008_y_m_n_b.jpg
15527	0	20	cross/white	n/a
16039	0	65	white/neutral/standard/5	SHINEd_008_y_m_n_b.jpg
16130	0	20	cross/white	n/a
16653	0	61	white/neutral/deviant/1	SHINEd_008_y_m_n_b.jpg
16780	0	20	cross/white	n/a
17310	0	62	white/neutral/standard/2	SHINEd_008_y_m_n_b.jpg
17412	0	20	cross/white	n/a
17924	0	63	white/neutral/standard/3	SHINEd_008_y_m_n_b.jpg
18033	0	20	cross/white	n/a
18556	0	64	white/neutral/standard/4	SHINEd_008_y_m_n_b.jpg
18671	0	20	cross/white	n/a
19189	0	65	white/neutral/standard/5	SHINEd_008_y_m_n_b.jpg
19291	0	20	cross/white	n/a
19773	0	21	white/angry/deviant/1	SHINEd_010_y_f_a_a.jpg
19857	0	20	cross/white	n/a
20369	0	12	red/angry/standard/2	SHINEd_028_y_f_a_b.jpg
20495	0	20	cross/white	n/a
20610	0	111	button_press	n/a
21031	0	23	white/angry/standard/3	SHINEd_010_y_f_a_a.jpg
21146	0	20	cross/white	n/a
21664	0	24	white/angry/standard/4	SHINEd_008_y_m_a_b.jpg
21772	0	20	cross/white	n/a
22278	0	25	white/angry/standard/5	SHINEd_010_y_f_a_a.jpg
22380	0	20	cross/white	n/a
22874	0	26	white/angry/standard/6	SHINEd_010_y_f_a_a.jpg
22964	0	20	cross/white	n/a
23452	0	27	white/angry/standard/7	SHINEd_010_y_f_a_a.jpg
23555	0	20	cross/white	n/a
24042	0	28	white/angry/standard/8	SHINEd_028_y_f_a_b.jpg
24127	0	20	cross/white	n/a
24632	0	61	white/neutral/deviant/1	SHINEd_008_y_m_n_b.jpg
24753	0	20	cross/white	n/a
25253	0	62	white/neutral/standard/2	SHINEd_008_y_m_n_b.jpg
25337	0	20	cross/white	n/a
25837	0	63	white/neutral/standard/3	SHINEd_008_y_m_n_b.jpg
25951	0	20	cross/white	n/a
26451	0	64	white/neutral/standard/4	SHINEd_008_y_m_n_b.jpg
26535	0	20	cross/white	n/a
27029	0	65	white/neutral/standard/5	SHINEd_008_y_m_n_b.jpg
27138	0	20	cross/white	n/a
27631	0	66	white/neutral/standard/6	SHINEd_008_y_m_n_b.jpg
27722	0	20	cross/white	n/a
28240	0	41	white/happy/deviant/1	SHINEd_037_y_m_h_a.jpg
28366	0	20	cross/white	n/a
28896	0	42	white/happy/standard/2	SHINEd_028_y_f_h_a.jpg
28992	0	20	cross/white	n/a
29510	0	43	white/happy/standard/3	SHINEd_028_y_f_h_a.jpg
29631	0	20	cross/white	n/a
30142	0	44	white/happy/standard/4	SHINEd_028_y_f_h_a.jpg
30233	0	20	cross/white	n/a
30721	0	45	white/happy/standard/5	SHINEd_028_y_f_h_a.jpg
30817	0	20	cross/white	n/a
31341	0	46	white/happy/standard/6	SHINEd_028_y_f_h_a.jpg
31467	0	20	cross/white	n/a
31997	0	61	white/neutral/deviant/1	SHINEd_008_y_m_n_b.jpg
32100	0	20	cross/white	n/a
32599	0	62	white/neutral/standard/2	SHINEd_008_y_m_n_b.jpg
32696	0	20	cross/white	n/a
33202	0	63	white/neutral/standard/3	SHINEd_008_y_m_n_b.jpg
33316	0	20	cross/white	n/a
33822	0	64	white/neutral/standard/4	SHINEd_008_y_m_n_b.jpg
33912	0	20	cross/white	n/a
34442	0	65	white/neutral/standard/5	SHINEd_008_y_m_n_b.jpg
34574	0	20	cross/white	n/a
35122	0	66	white/neutral/standard/6	SHINEd_008_y_m_n_b.jpg
35237	0	20	cross/white	n/a
35785	0	67	white/neutral/standard/7	SHINEd_016_y_m_n_b.jpg
35917	0	20	cross/white	n/a
36477	0	61	white/neutral/deviant/1	SHINEd_008_y_m_n_b.jpg
36604	0	20	cross/white	n/a
37140	0	62	white/neutral/standard/2	SHINEd_008_y_m_n_b.jpg
37248	0	20	cross/white	n/a
37766	0	63	white/neutral/standard/3	SHINEd_008_y_m_n_b.jpg
37874	0	20	cross/white	n/a
38374	0	64	white/neutral/standard/4	SHINEd_008_y_m_n_b.jpg
38465	0	20	cross/white	n/a
38976	0	65	white/neutral/standard/5	SHINEd_008_y_m_n_b.jpg
39097	0	20	cross/white	n/a
39597	0	66	white/neutral/standard/6	SHINEd_008_y_m_n_b.jpg
39681	0	20	cross/white	n/a
40181	0	41	white/happy/deviant/1	SHINEd_037_y_m_h_a.jpg
40295	0	20	cross/white	n/a
40837	0	42	white/happy/standard/2	SHINEd_028_y_f_h_a.jpg
40964	0	20	cross/white	n/a
41518	0	43	white/happy/standard/3	SHINEd_028_y_f_h_a.jpg
41632	0	20	cross/white	n/a
42156	0	44	white/happy/standard/4	SHINEd_028_y_f_h_a.jpg
42264	0	20	cross/white	n/a
42764	0	35	red/happy/standard/5	SHINEd_025_y_m_h_b.jpg
42855	0	20	cross/white	n/a
42963	0	111	button_press	n/a
43354	0	46	white/happy/standard/6	SHINEd_028_y_f_h_a.jpg
43463	0	20	cross/white	n/a
43999	0	47	white/happy/standard/7	SHINEd_025_y_m_h_b.jpg
44125	0	20	cross/white	n/a
44643	0	61	white/neutral/deviant/1	SHINEd_008_y_m_n_b.jpg
44733	0	20	cross/white	n/a
45233	0	62	white/neutral/standard/2	SHINEd_008_y_m_n_b.jpg
45342	0	20	cross/white	n/a
45859	0	63	white/neutral/standard/3	SHINEd_008_y_m_n_b.jpg
45974	0	20	cross/white	n/a
46492	0	64	white/neutral/standard/4	SHINEd_008_y_m_n_b.jpg
46594	0	20	cross/white	n/a
47100	0	65	white/neutral/standard/5	SHINEd_008_y_m_n_b.jpg
47202	0	20	cross/white	n/a
47708	0	21	white/angry/deviant/1	SHINEd_010_y_f_a_a.jpg
47805	0	20	cross/white	n/a
48286	0	22	white/angry/standard/2	SHINEd_010_y_f_a_a.jpg
48371	0	20	cross/white	n/a
48882	0	23	white/angry/standard/3	SHINEd_010_y_f_a_a.jpg
49009	0	20	cross/white	n/a
49533	0	14	red/angry/standard/4	SHINEd_020_y_f_a_b.jpg
49623	0	20	cross/white	n/a
49822	0	111	button_press	n/a
50141	0	25	white/angry/standard/5	SHINEd_010_y_f_a_a.jpg
50267	0	20	cross/white	n/a
50821	0	26	white/angry/standard/6	SHINEd_010_y_f_a_a.jpg
50948	0	20	cross/white	n/a
51508	0	21	white/angry/deviant/1	SHINEd_010_y_f_a_a.jpg
51634	0	20	cross/white	n/a
52158	0	22	white/angry/standard/2	SHINEd_010_y_f_a_a.jpg
52255	0	20	cross/white	n/a
52748	0	23	white/angry/standard/3	SHINEd_010_y_f_a_a.jpg
52845	0	20	cross/white	n/a
53345	0	24	white/angry/standard/4	SHINEd_008_y_m_a_b.jpg
53447	0	20	cross/white	n/a
53959	0	25	white/angry/standard/5	SHINEd_010_y_f_a_a.jpg
54067	0	20	cross/white	n/a
54579	0	26	white/angry/standard/6	SHINEd_010_y_f_a_a.jpg
54681	0	20	cross/white	n/a
55205	0	41	white/happy/deviant/1	SHINEd_037_y_m_h_a.jpg
55320	0	20	cross/white	n/a
55856	0	42	white/happy/standard/2	SHINEd_028_y_f_h_a.jpg
55976	0	20	cross/white	n/a
56512	0	43	white/happy/standard/3	SHINEd_028_y_f_h_a.jpg
56626	0	20	cross/white	n/a
57156	0	44	white/happy/standard/4	SHINEd_028_y_f_h_a.jpg
57271	0	20	cross/white	n/a
57789	0	45	white/happy/standard/5	SHINEd_028_y_f_h_a.jpg
57891	0	20	cross/white	n/a
58421	0	46	white/happy/standard/6	SHINEd_028_y_f_h_a.jpg
58547	0	20	cross/white	n/a
59095	0	47	white/happy/standard/7	SHINEd_025_y_m_h_b.jpg
59216	0	20	cross/white	n/a
59734	0	21	white/angry/deviant/1	SHINEd_010_y_f_a_a.jpg
59830	0	20	cross/white	n/a
60330	0	22	white/angry/standard/2	SHINEd_010_y_f_a_a.jpg
60426	0	20	cross/white	n/a
60957	0	111	button_press	n/a
61089	0	20	cross/white	n/a
61619	0	24	white/angry/standard/4	SHINEd_008_y_m_a_b.jpg
61704	0	20	cross/white	n/a
62209	0	25	white/angry/standard/5	SHINEd_010_y_f_a_a.jpg
62323	0	20	cross/white	n/a
62866	0	26	white/angry/standard/6	SHINEd_010_y_f_a_a.jpg
62962	0	20	cross/white	n/a
63516	0	21	white/angry/deviant/1	SHINEd_010_y_f_a_a.jpg
63624	0	20	cross/white	n/a
64130	0	22	white/angry/standard/2	SHINEd_010_y_f_a_a.jpg
64214	0	20	cross/white	n/a
64702	0	23	white/angry/standard/3	SHINEd_010_y_f_a_a.jpg
64786	0	20	cross/white	n/a
65262	0	24	white/angry/standard/4	SHINEd_008_y_m_a_b.jpg
65352	0	20	cross/white	n/a
65846	0	25	white/angry/standard/5	SHINEd_010_y_f_a_a.jpg
65942	0	20	cross/white	n/a
66436	0	26	white/angry/standard/6	SHINEd_010_y_f_a_a.jpg
66532	0	20	cross/white	n/a
67056	0	17	17	SHINEd_028_y_f_a_b.jpg
67183	0	20	cross/white	n/a
67340	0	111	button_press	n/a
67707	0	41	white/happy/deviant/1	SHINEd_037_y_m_h_a.jpg
67797	0	20	cross/white	n/a
68285	0	42	white/happy/standard/2	SHINEd_028_y_f_h_a.jpg
68381	0	20	cross/white	n/a
68899	0	43	white/happy/standard/3	SHINEd_028_y_f_h_a.jpg
69013	0	20	cross/white	n/a
69525	0	44	white/happy/standard/4	SHINEd_028_y_f_h_a.jpg
69616	0	20	cross/white	n/a
70140	0	45	white/happy/standard/5	SHINEd_028_y_f_h_a.jpg
70272	0	20	cross/white	n/a
70826	0	46	white/happy/standard/6	SHINEd_028_y_f_h_a.jpg
70946	0	20	cross/white	n/a
71470	0	41	white/happy/deviant/1	SHINEd_037_y_m_h_a.jpg
71567	0	20	cross/white	n/a
72054	0	42	white/happy/standard/2	SHINEd_028_y_f_h_a.jpg
72139	0	20	cross/white	n/a
72621	0	33	red/happy/standard/3	SHINEd_008_y_m_h_b.jpg
72717	0	20	cross/white	n/a
72826	0	111	button_press	n/a
73199	0	44	white/happy/standard/4	SHINEd_028_y_f_h_a.jpg
73283	0	20	cross/white	n/a
73795	0	45	white/happy/standard/5	SHINEd_028_y_f_h_a.jpg
73915	0	20	cross/white	n/a
74463	0	21	white/angry/deviant/1	SHINEd_010_y_f_a_a.jpg
74578	0	20	cross/white	n/a
75089	0	22	white/angry/standard/2	SHINEd_010_y_f_a_a.jpg
75174	0	20	cross/white	n/a
75662	0	23	white/angry/standard/3	SHINEd_010_y_f_a_a.jpg
75752	0	20	cross/white	n/a
76246	0	24	white/angry/standard/4	SHINEd_008_y_m_a_b.jpg
76336	0	20	cross/white	n/a
76878	0	25	white/angry/standard/5	SHINEd_010_y_f_a_a.jpg
77010	0	20	cross/white	n/a
77552	0	26	white/angry/standard/6	SHINEd_010_y_f_a_a.jpg
77661	0	20	cross/white	n/a
78179	0	27	white/angry/standard/7	SHINEd_010_y_f_a_a.jpg
78281	0	20	cross/white	n/a
78775	0	61	white/neutral/deviant/1	SHINEd_008_y_m_n_b.jpg
78859	0	20	cross/white	n/a
79377	0	62	white/neutral/standard/2	SHINEd_008_y_m_n_b.jpg
79497	0	20	cross/white	n/a
80045	0	63	white/neutral/standard/3	SHINEd_008_y_m_n_b.jpg
80172	0	20	cross/white	n/a
80696	0	64	white/neutral/standard/4	SHINEd_008_y_m_n_b.jpg
80792	0	20	cross/white	n/a
81286	0	65	white/neutral/standard/5	SHINEd_008_y_m_n_b.jpg
81376	0	20	cross/white	n/a
81858	0	66	white/neutral/standard/6	SHINEd_008_y_m_n_b.jpg
81948	0	20	cross/white	n/a
82478	0	61	white/neutral/deviant/1	SHINEd_008_y_m_n_b.jpg
82599	0	20	cross/white	n/a
83105	0	62	white/neutral/standard/2	SHINEd_008_y_m_n_b.jpg
83189	0	20	cross/white	n/a
83665	0	63	white/neutral/standard/3	SHINEd_008_y_m_n_b.jpg
83755	0	20	cross/white	n/a
84267	0	64	white/neutral/standard/4	SHINEd_008_y_m_n_b.jpg
84387	0	20	cross/white	n/a
84899	0	65	white/neutral/standard/5	SHINEd_008_y_m_n_b.jpg
84989	0	20	cross/white	n/a
85501	0	31	red/happy/deviant/1	SHINEd_010_y_f_h_a.jpg
85616	0	20	cross/white	n/a
85676	0	111	button_press	n/a
86176	0	42	white/happy/standard/2	SHINEd_028_y_f_h_a.jpg
86308	0	20	cross/white	n/a
86862	0	43	white/happy/standard/3	SHINEd_028_y_f_h_a.jpg
86983	0	20	cross/white	n/a
87507	0	44	white/happy/standard/4	SHINEd_028_y_f_h_a.jpg
87609	0	20	cross/white	n/a
88139	0	45	white/happy/standard/5	SHINEd_028_y_f_h_a.jpg
88265	0	20	cross/white	n/a
88807	0	46	white/happy/standard/6	SHINEd_028_y_f_h_a.jpg
88916	0	20	cross/white	n/a
89440	0	47	white/happy/standard/7	SHINEd_025_y_m_h_b.jpg
89554	0	20	cross/white	n/a
90096	0	41	white/happy/deviant/1	SHINEd_037_y_m_h_a.jpg
90222	0	20	cross/white	n/a
90788	0	42	white/happy/standard/2	SHINEd_028_y_f_h_a.jpg
90921	0	20	cross/white	n/a
91475	0	43	white/happy/standard/3	SHINEd_028_y_f_h_a.jpg
91583	0	20	cross/white	n/a
92083	0	44	white/happy/standard/4	SHINEd_028_y_f_h_a.jpg
92173	0	20	cross/white	n/a
92667	0	45	white/happy/standard/5	SHINEd_028_y_f_h_a.jpg
92764	0	20	cross/white	n/a
93294	0	46	white/happy/standard/6	SHINEd_028_y_f_h_a.jpg
93420	0	20	cross/white	n/a
93938	0	61	white/neutral/deviant/1	SHINEd_008_y_m_n_b.jpg
94022	0	20	cross/white	n/a
94546	0	62	white/neutral/standard/2	SHINEd_008_y_m_n_b.jpg
94673	0	20	cross/white	n/a
95227	0	63	white/neutral/standard/3	SHINEd_008_y_m_n_b.jpg
95353	0	20	cross/white	n/a
95889	0	64	white/neutral/standard/4	SHINEd_008_y_m_n_b.jpg
95997	0	20	cross/white	n/a
96521	0	65	white/neutral/standard/5	SHINEd_008_y_m_n_b.jpg
96636	0	20	cross/white	n/a
97166	0	66	white/neutral/standard/6	SHINEd_008_y_m_n_b.jpg
97280	0	20	cross/white	n/a
97780	0	21	white/angry/deviant/1	SHINEd_010_y_f_a_a.jpg
97864	0	20	cross/white	n/a
98352	0	22	white/angry/standard/2	SHINEd_010_y_f_a_a.jpg
98454	0	20	cross/white	n/a
98948	0	23	white/angry/standard/3	SHINEd_010_y_f_a_a.jpg
99038	0	20	cross/white	n/a
99562	0	14	red/angry/standard/4	SHINEd_020_y_f_a_b.jpg
99695	0	20	cross/white	n/a
99815	0	111	button_press	n/a
100249	0	25	white/angry/standard/5	SHINEd_010_y_f_a_a.jpg
100369	0	20	cross/white	n/a
100917	0	26	white/angry/standard/6	SHINEd_010_y_f_a_a.jpg
101044	0	20	cross/white	n/a
101555	0	21	white/angry/deviant/1	SHINEd_010_y_f_a_a.jpg
101640	0	20	cross/white	n/a
102134	0	22	white/angry/standard/2	SHINEd_010_y_f_a_a.jpg
102242	0	20	cross/white	n/a
102766	0	23	white/angry/standard/3	SHINEd_010_y_f_a_a.jpg
102880	0	20	cross/white	n/a
103404	0	24	white/angry/standard/4	SHINEd_008_y_m_a_b.jpg
103513	0	20	cross/white	n/a
104030	0	25	white/angry/standard/5	SHINEd_010_y_f_a_a.jpg
104139	0	20	cross/white	n/a
104639	0	26	white/angry/standard/6	SHINEd_010_y_f_a_a.jpg
104729	0	20	cross/white	n/a
105241	0	41	white/happy/deviant/1	SHINEd_037_y_m_h_a.jpg
105361	0	20	cross/white	n/a
105885	0	42	white/happy/standard/2	SHINEd_028_y_f_h_a.jpg
105988	0	20	cross/white	n/a
106494	0	43	white/happy/standard/3	SHINEd_028_y_f_h_a.jpg
106596	0	20	cross/white	n/a
107120	0	44	white/happy/standard/4	SHINEd_028_y_f_h_a.jpg
107234	0	20	cross/white	n/a
107788	0	45	white/happy/standard/5	SHINEd_028_y_f_h_a.jpg
107921	0	20	cross/white	n/a
108438	0	36	red/happy/standard/6	SHINEd_028_y_f_h_a.jpg
108523	0	20	cross/white	n/a
108680	0	111	button_press	n/a
109035	0	47	white/happy/standard/7	SHINEd_025_y_m_h_b.jpg
109155	0	20	cross/white	n/a
109691	0	21	white/angry/deviant/1	SHINEd_010_y_f_a_a.jpg
109805	0	20	cross/white	n/a
110324	0	22	white/angry/standard/2	SHINEd_010_y_f_a_a.jpg
110426	0	20	cross/white	n/a
110932	0	23	white/angry/standard/3	SHINEd_010_y_f_a_a.jpg
111028	0	20	cross/white	n/a
111552	0	24	white/angry/standard/4	SHINEd_008_y_m_a_b.jpg
111678	0	20	cross/white	n/a
112226	0	25	white/angry/standard/5	SHINEd_010_y_f_a_a.jpg
112341	0	20	cross/white	n/a
112852	0	41	white/happy/deviant/1	SHINEd_037_y_m_h_a.jpg
112949	0	20	cross/white	n/a
113449	0	42	white/happy/standard/2	SHINEd_028_y_f_h_a.jpg
113533	0	20	cross/white	n/a
114015	0	43	white/happy/standard/3	SHINEd_028_y_f_h_a.jpg
114105	0	20	cross/white	n/a
114623	0	34	34	SHINEd_016_y_m_h_a.jpg
114749	0	20	cross/white	n/a
114852	0	111	button_press	n/a
115285	0	45	white/happy/standard/5	SHINEd_028_y_f_h_a.jpg
115394	0	20	cross/white	n/a
115906	0	46	white/happy/standard/6	SHINEd_028_y_f_h_a.jpg
116008	0	20	cross/white	n/a
116520	0	21	white/angry/deviant/1	SHINEd_010_y_f_a_a.jpg
116628	0	20	cross/white	n/a
117158	0	22	white/angry/standard/2	SHINEd_010_y_f_a_a.jpg
117279	0	20	cross/white	n/a
117796	0	23	white/angry/standard/3	SHINEd_010_y_f_a_a.jpg
117893	0	20	cross/white	n/a
118375	0	24	white/angry/standard/4	SHINEd_008_y_m_a_b.jpg
118459	0	20	cross/white	n/a
118953	0	25	white/angry/standard/5	SHINEd_010_y_f_a_a.jpg
119061	0	20	cross/white	n/a
119591	0	26	white/angry/standard/6	SHINEd_010_y_f_a_a.jpg
119711	0	20	cross/white	n/a
120223	0	61	white/neutral/deviant/1	SHINEd_008_y_m_n_b.jpg
120314	0	20	cross/white	n/a
120813	0	62	white/neutral/standard/2	SHINEd_008_y_m_n_b.jpg
120922	0	20	cross/white	n/a
121470	0	63	white/neutral/standard/3	SHINEd_008_y_m_n_b.jpg
121596	0	20	cross/white	n/a
122132	0	64	white/neutral/standard/4	SHINEd_008_y_m_n_b.jpg
122241	0	20	cross/white	n/a
122783	0	65	white/neutral/standard/5	SHINEd_008_y_m_n_b.jpg
122903	0	20	cross/white	n/a
123445	0	66	white/neutral/standard/6	SHINEd_008_y_m_n_b.jpg
123565	0	20	cross/white	n/a
124107	0	61	white/neutral/deviant/1	SHINEd_008_y_m_n_b.jpg
124228	0	20	cross/white	n/a
124776	0	62	white/neutral/standard/2	SHINEd_008_y_m_n_b.jpg
124902	0	20	cross/white	n/a
125438	0	63	white/neutral/standard/3	SHINEd_008_y_m_n_b.jpg
125547	0	20	cross/white	n/a
126059	0	64	white/neutral/standard/4	SHINEd_008_y_m_n_b.jpg
126161	0	20	cross/white	n/a
126649	0	65	white/neutral/standard/5	SHINEd_008_y_m_n_b.jpg
126733	0	20	cross/white	n/a
127227	0	66	white/neutral/standard/6	SHINEd_008_y_m_n_b.jpg
127335	0	20	cross/white	n/a
127853	0	67	white/neutral/standard/7	SHINEd_016_y_m_n_b.jpg
127961	0	20	cross/white	n/a
128455	0	41	white/happy/deviant/1	SHINEd_037_y_m_h_a.jpg
128539	0	20	cross/white	n/a
129033	0	42	white/happy/standard/2	SHINEd_028_y_f_h_a.jpg
129142	0	20	cross/white	n/a
129671	0	43	white/happy/standard/3	SHINEd_028_y_f_h_a.jpg
129792	0	20	cross/white	n/a
130316	0	44	white/happy/standard/4	SHINEd_028_y_f_h_a.jpg
130418	0	20	cross/white	n/a
130954	0	45	white/happy/standard/5	SHINEd_028_y_f_h_a.jpg
131081	0	20	cross/white	n/a
131635	0	46	white/happy/standard/6	SHINEd_028_y_f_h_a.jpg
131761	0	20	cross/white	n/a
132279	0	21	white/angry/deviant/1	SHINEd_010_y_f_a_a.jpg
132369	0	20	cross/white	n/a
132845	0	22	white/angry/standard/2	SHINEd_010_y_f_a_a.jpg
132929	0	20	cross/white	n/a
133429	0	23	white/angry/standard/3	SHINEd_010_y_f_a_a.jpg
133538	0	20	cross/white	n/a
134050	0	24	white/angry/standard/4	SHINEd_008_y_m_a_b.jpg
134152	0	20	cross/white	n/a
134640	0	25	white/angry/standard/5	SHINEd_010_y_f_a_a.jpg
134724	0	20	cross/white	n/a
135236	0	26	white/angry/standard/6	SHINEd_010_y_f_a_a.jpg
135362	0	20	cross/white	n/a
135874	0	41	white/happy/deviant/1	SHINEd_037_y_m_h_a.jpg
135958	0	20	cross/white	n/a
136434	0	42	white/happy/standard/2	SHINEd_028_y_f_h_a.jpg
136524	0	20	cross/white	n/a
137030	0	43	white/happy/standard/3	SHINEd_028_y_f_h_a.jpg
137145	0	20	cross/white	n/a
137693	0	44	white/happy/standard/4	SHINEd_028_y_f_h_a.jpg
137825	0	20	cross/white	n/a
138355	0	45	white/happy/standard/5	SHINEd_028_y_f_h_a.jpg
138445	0	20	cross/white	n/a
138933	0	46	white/happy/standard/6	SHINEd_028_y_f_h_a.jpg
139029	0	20	cross/white	n/a
139547	0	41	white/happy/deviant/1	SHINEd_037_y_m_h_a.jpg
139668	0	20	cross/white	n/a
140186	0	42	white/happy/standard/2	SHINEd_028_y_f_h_a.jpg
140282	0	20	cross/white	n/a
140764	0	43	white/happy/standard/3	SHINEd_028_y_f_h_a.jpg
140848	0	20	cross/white	n/a
141336	0	44	white/happy/standard/4	SHINEd_028_y_f_h_a.jpg
141438	0	20	cross/white	n/a
141968	0	45	white/happy/standard/5	SHINEd_028_y_f_h_a.jpg
142095	0	20	cross/white	n/a
142631	0	46	white/happy/standard/6	SHINEd_028_y_f_h_a.jpg
142739	0	20	cross/white	n/a
143281	0	41	white/happy/deviant/1	SHINEd_037_y_m_h_a.jpg
143407	0	20	cross/white	n/a
143943	0	42	white/happy/standard/2	SHINEd_028_y_f_h_a.jpg
144052	0	20	cross/white	n/a
144594	0	43	white/happy/standard/3	SHINEd_028_y_f_h_a.jpg
144720	0	20	cross/white	n/a
145250	0	44	white/happy/standard/4	SHINEd_028_y_f_h_a.jpg
145352	0	20	cross/white	n/a
145876	0	45	white/happy/standard/5	SHINEd_028_y_f_h_a.jpg
145997	0	20	cross/white	n/a
146533	0	21	white/angry/deviant/1	SHINEd_010_y_f_a_a.jpg
146647	0	20	cross/white	n/a
147153	0	22	white/angry/standard/2	SHINEd_010_y_f_a_a.jpg
147243	0	20	cross/white	n/a
147731	0	23	white/angry/standard/3	SHINEd_010_y_f_a_a.jpg
147827	0	20	cross/white	n/a
148351	0	24	white/angry/standard/4	SHINEd_008_y_m_a_b.jpg
148478	0	20	cross/white	n/a
148996	0	25	white/angry/standard/5	SHINEd_010_y_f_a_a.jpg
149086	0	20	cross/white	n/a
149598	0	26	white/angry/standard/6	SHINEd_010_y_f_a_a.jpg
149718	0	20	cross/white	n/a
150266	0	61	white/neutral/deviant/1	SHINEd_008_y_m_n_b.jpg
150393	0	20	cross/white	n/a
150911	0	62	white/neutral/standard/2	SHINEd_008_y_m_n_b.jpg
151001	0	20	cross/white	n/a
151477	0	63	white/neutral/standard/3	SHINEd_008_y_m_n_b.jpg
151561	0	20	cross/white	n/a
152043	0	64	white/neutral/standard/4	SHINEd_008_y_m_n_b.jpg
152139	0	20	cross/white	n/a
152633	0	65	white/neutral/standard/5	SHINEd_008_y_m_n_b.jpg
152729	0	20	cross/white	n/a
153223	0	66	white/neutral/standard/6	SHINEd_008_y_m_n_b.jpg
153313	0	20	cross/white	n/a
153843	0	67	white/neutral/standard/7	SHINEd_016_y_m_n_b.jpg
153976	0	20	cross/white	n/a
154530	0	21	white/angry/deviant/1	SHINEd_010_y_f_a_a.jpg
154644	0	20	cross/white	n/a
155192	0	22	white/angry/standard/2	SHINEd_010_y_f_a_a.jpg
155325	0	20	cross/white	n/a
155842	0	23	white/angry/standard/3	SHINEd_010_y_f_a_a.jpg
155927	0	20	cross/white	n/a
156439	0	24	white/angry/standard/4	SHINEd_008_y_m_a_b.jpg
156565	0	20	cross/white	n/a
157101	0	25	white/angry/standard/5	SHINEd_010_y_f_a_a.jpg
157209	0	20	cross/white	n/a
157745	0	26	white/angry/standard/6	SHINEd_010_y_f_a_a.jpg
157872	0	20	cross/white	n/a
158414	0	27	white/angry/standard/7	SHINEd_010_y_f_a_a.jpg
158528	0	20	cross/white	n/a
159052	0	61	white/neutral/deviant/1	SHINEd_008_y_m_n_b.jpg
159160	0	20	cross/white	n/a
159660	0	62	white/neutral/standard/2	SHINEd_008_y_m_n_b.jpg
159751	0	20	cross/white	n/a
160245	0	63	white/neutral/standard/3	SHINEd_008_y_m_n_b.jpg
160347	0	20	cross/white	n/a
160847	0	64	white/neutral/standard/4	SHINEd_008_y_m_n_b.jpg
160943	0	20	cross/white	n/a
161437	0	65	white/neutral/standard/5	SHINEd_008_y_m_n_b.jpg
161533	0	20	cross/white	n/a
162057	0	66	white/neutral/standard/6	SHINEd_008_y_m_n_b.jpg
162183	0	20	cross/white	n/a
162701	0	41	white/happy/deviant/1	SHINEd_037_y_m_h_a.jpg
162792	0	20	cross/white	n/a
163297	0	42	white/happy/standard/2	SHINEd_028_y_f_h_a.jpg
163412	0	20	cross/white	n/a
163942	0	43	white/happy/standard/3	SHINEd_028_y_f_h_a.jpg
164056	0	20	cross/white	n/a
164568	0	44	white/happy/standard/4	SHINEd_028_y_f_h_a.jpg
164664	0	20	cross/white	n/a
165164	0	45	white/happy/standard/5	SHINEd_028_y_f_h_a.jpg
165267	0	20	cross/white	n/a
165754	0	41	white/happy/deviant/1	SHINEd_037_y_m_h_a.jpg
165839	0	20	cross/white	n/a
166332	0	42	white/happy/standard/2	SHINEd_028_y_f_h_a.jpg
166441	0	20	cross/white	n/a
166959	0	43	white/happy/standard/3	SHINEd_028_y_f_h_a.jpg
167067	0	20	cross/white	n/a
167585	0	44	white/happy/standard/4	SHINEd_028_y_f_h_a.jpg
167693	0	20	cross/white	n/a
168229	0	45	white/happy/standard/5	SHINEd_028_y_f_h_a.jpg
168356	0	20	cross/white	n/a
168868	0	46	white/happy/standard/6	SHINEd_028_y_f_h_a.jpg
168952	0	20	cross/white	n/a
169422	0	61	white/neutral/deviant/1	SHINEd_008_y_m_n_b.jpg
169506	0	20	cross/white	n/a
169988	0	62	white/neutral/standard/2	SHINEd_008_y_m_n_b.jpg
170084	0	20	cross/white	n/a
170590	0	63	white/neutral/standard/3	SHINEd_008_y_m_n_b.jpg
170698	0	20	cross/white	n/a
171234	0	64	white/neutral/standard/4	SHINEd_008_y_m_n_b.jpg
171361	0	20	cross/white	n/a
171897	0	65	white/neutral/standard/5	SHINEd_008_y_m_n_b.jpg
172005	0	20	cross/white	n/a
172511	0	21	white/angry/deviant/1	SHINEd_010_y_f_a_a.jpg
172607	0	20	cross/white	n/a
173125	0	22	white/angry/standard/2	SHINEd_010_y_f_a_a.jpg
173246	0	20	cross/white	n/a
173763	0	23	white/angry/standard/3	SHINEd_010_y_f_a_a.jpg
173860	0	20	cross/white	n/a
174372	0	24	white/angry/standard/4	SHINEd_008_y_m_a_b.jpg
174486	0	20	cross/white	n/a
175034	0	25	white/angry/standard/5	SHINEd_010_y_f_a_a.jpg
175167	0	20	cross/white	n/a
175721	0	16	red/angry/standard/6	SHINEd_010_y_f_a_a.jpg
175841	0	20	cross/white	n/a
175926	0	111	button_press	n/a
176383	0	61	white/neutral/deviant/1	SHINEd_008_y_m_n_b.jpg
176503	0	20	cross/white	n/a
177057	0	62	white/neutral/standard/2	SHINEd_008_y_m_n_b.jpg
177190	0	20	cross/white	n/a
177726	0	63	white/neutral/standard/3	SHINEd_008_y_m_n_b.jpg
177828	0	20	cross/white	n/a
178346	0	64	white/neutral/standard/4	SHINEd_008_y_m_n_b.jpg
178460	0	20	cross/white	n/a
178979	0	65	white/neutral/standard/5	SHINEd_008_y_m_n_b.jpg
179081	0	20	cross/white	n/a
179611	0	66	white/neutral/standard/6	SHINEd_008_y_m_n_b.jpg
179737	0	20	cross/white	n/a
180249	0	67	white/neutral/standard/7	SHINEd_016_y_m_n_b.jpg
180333	0	20	cross/white	n/a
180815	0	61	white/neutral/deviant/1	SHINEd_008_y_m_n_b.jpg
180911	0	20	cross/white	n/a
181417	0	62	white/neutral/standard/2	SHINEd_008_y_m_n_b.jpg
181526	0	20	cross/white	n/a
182038	0	63	white/neutral/standard/3	SHINEd_008_y_m_n_b.jpg
182140	0	20	cross/white	n/a
182628	0	64	white/neutral/standard/4	SHINEd_008_y_m_n_b.jpg
182718	0	20	cross/white	n/a
183230	0	65	white/neutral/standard/5	SHINEd_008_y_m_n_b.jpg
183350	0	20	cross/white	n/a
183880	0	56	56	SHINEd_016_y_m_n_a.jpg
183983	0	20	cross/white	n/a
184205	0	111	button_press	n/a
184482	0	21	white/angry/deviant/1	SHINEd_010_y_f_a_a.jpg
184579	0	20	cross/white	n/a
185085	0	22	white/angry/standard/2	SHINEd_010_y_f_a_a.jpg
185187	0	20	cross/white	n/a
185717	0	23	white/angry/standard/3	SHINEd_010_y_f_a_a.jpg
185843	0	20	cross/white	n/a
186373	0	24	white/angry/standard/4	SHINEd_008_y_m_a_b.jpg
186476	0	20	cross/white	n/a
186999	0	25	white/angry/standard/5	SHINEd_010_y_f_a_a.jpg
187120	0	20	cross/white	n/a
187650	0	26	white/angry/standard/6	SHINEd_010_y_f_a_a.jpg
187746	0	20	cross/white	n/a
188246	0	21	white/angry/deviant/1	SHINEd_010_y_f_a_a.jpg
188342	0	20	cross/white	n/a
188824	0	22	white/angry/standard/2	SHINEd_010_y_f_a_a.jpg
188908	0	20	cross/white	n/a
189402	0	23	white/angry/standard/3	SHINEd_010_y_f_a_a.jpg
189511	0	20	cross/white	n/a
190034	0	24	white/angry/standard/4	SHINEd_008_y_m_a_b.jpg
190149	0	20	cross/white	n/a
190661	0	25	white/angry/standard/5	SHINEd_010_y_f_a_a.jpg
190757	0	20	cross/white	n/a
191263	0	26	white/angry/standard/6	SHINEd_010_y_f_a_a.jpg
191365	0	20	cross/white	n/a
191883	0	27	white/angry/standard/7	SHINEd_010_y_f_a_a.jpg
191998	0	20	cross/white	n/a
192503	0	21	white/angry/deviant/1	SHINEd_010_y_f_a_a.jpg
192594	0	20	cross/white	n/a
193076	0	22	white/angry/standard/2	SHINEd_010_y_f_a_a.jpg
193166	0	20	cross/white	n/a
193672	0	23	white/angry/standard/3	SHINEd_010_y_f_a_a.jpg
193786	0	20	cross/white	n/a
194334	0	24	white/angry/standard/4	SHINEd_008_y_m_a_b.jpg
194467	0	20	cross/white	n/a
194990	0	25	white/angry/standard/5	SHINEd_010_y_f_a_a.jpg
195081	0	20	cross/white	n/a
195575	0	61	white/neutral/deviant/1	SHINEd_008_y_m_n_b.jpg
195677	0	20	cross/white	n/a
196201	0	52	red/neutral/standard/2	SHINEd_022_y_f_n_b.jpg
196321	0	20	cross/white	n/a
196478	0	111	button_press	n/a
196839	0	63	white/neutral/standard/3	SHINEd_008_y_m_n_b.jpg
196936	0	20	cross/white	n/a
197453	0	64	white/neutral/standard/4	SHINEd_008_y_m_n_b.jpg
197574	0	20	cross/white	n/a
198110	0	65	white/neutral/standard/5	SHINEd_008_y_m_n_b.jpg
198224	0	20	cross/white	n/a
198754	0	66	white/neutral/standard/6	SHINEd_008_y_m_n_b.jpg
198869	0	20	cross/white	n/a
199410	0	67	white/neutral/standard/7	SHINEd_016_y_m_n_b.jpg
199537	0	20	cross/white	n/a
200061	0	21	white/angry/deviant/1	SHINEd_010_y_f_a_a.jpg
200157	0	20	cross/white	n/a
200663	0	22	white/angry/standard/2	SHINEd_010_y_f_a_a.jpg
200771	0	20	cross/white	n/a
201271	0	23	white/angry/standard/3	SHINEd_010_y_f_a_a.jpg
201362	0	20	cross/white	n/a
201849	0	24	white/angry/standard/4	SHINEd_008_y_m_a_b.jpg
201946	0	20	cross/white	n/a
202427	0	25	white/angry/standard/5	SHINEd_010_y_f_a_a.jpg
202512	0	20	cross/white	n/a
203024	0	26	white/angry/standard/6	SHINEd_010_y_f_a_a.jpg
203150	0	20	cross/white	n/a
203433	0	200	feedback	n/a
257028	0	111	button_press	n/a
257371	0	20	cross/white	n/a
257865	0	23	white/angry/standard/3	SHINEd_010_y_f_a_a.jpg
257955	0	20	cross/white	n/a
258443	0	24	white/angry/standard/4	SHINEd_008_y_m_a_b.jpg
258539	0	20	cross/white	n/a
259045	0	25	white/angry/standard/5	SHINEd_010_y_f_a_a.jpg
259153	0	20	cross/white	n/a
259695	0	16	red/angry/standard/6	SHINEd_010_y_f_a_a.jpg
259822	0	20	cross/white	n/a
260057	0	111	button_press	n/a
260340	0	21	white/angry/deviant/1	SHINEd_010_y_f_a_a.jpg
260430	0	20	cross/white	n/a
260936	0	22	white/angry/standard/2	SHINEd_010_y_f_a_a.jpg
261044	0	20	cross/white	n/a
261568	0	23	white/angry/standard/3	SHINEd_010_y_f_a_a.jpg
261682	0	20	cross/white	n/a
262224	0	24	white/angry/standard/4	SHINEd_008_y_m_a_b.jpg
262351	0	20	cross/white	n/a
262881	0	15	red/angry/standard/5	SHINEd_010_y_f_a_a.jpg
262983	0	20	cross/white	n/a
263092	0	111	button_press	n/a
263513	0	31	red/happy/deviant/1	SHINEd_010_y_f_h_a.jpg
263633	0	20	cross/white	n/a
263772	0	111	button_press	n/a
264187	0	42	white/happy/standard/2	SHINEd_028_y_f_h_a.jpg
264320	0	20	cross/white	n/a
264868	0	43	white/happy/standard/3	SHINEd_028_y_f_h_a.jpg
264982	0	20	cross/white	n/a
265524	0	44	white/happy/standard/4	SHINEd_028_y_f_h_a.jpg
265651	0	20	cross/white	n/a
266187	0	45	white/happy/standard/5	SHINEd_028_y_f_h_a.jpg
266295	0	20	cross/white	n/a
266819	0	21	white/angry/deviant/1	SHINEd_010_y_f_a_a.jpg
266933	0	20	cross/white	n/a
267439	0	22	white/angry/standard/2	SHINEd_010_y_f_a_a.jpg
267530	0	20	cross/white	n/a
268024	0	23	white/angry/standard/3	SHINEd_010_y_f_a_a.jpg
268126	0	20	cross/white	n/a
268662	0	24	white/angry/standard/4	SHINEd_008_y_m_a_b.jpg
268794	0	20	cross/white	n/a
269330	0	25	white/angry/standard/5	SHINEd_010_y_f_a_a.jpg
269439	0	20	cross/white	n/a
269951	0	16	red/angry/standard/6	SHINEd_010_y_f_a_a.jpg
270053	0	20	cross/white	n/a
270228	0	111	button_press	n/a
270589	0	27	white/angry/standard/7	SHINEd_010_y_f_a_a.jpg
270721	0	20	cross/white	n/a
271239	0	28	white/angry/standard/8	SHINEd_028_y_f_a_b.jpg
271323	0	20	cross/white	n/a
271829	0	21	white/angry/deviant/1	SHINEd_010_y_f_a_a.jpg
271950	0	20	cross/white	n/a
272480	0	22	white/angry/standard/2	SHINEd_010_y_f_a_a.jpg
272588	0	20	cross/white	n/a
273082	0	23	white/angry/standard/3	SHINEd_010_y_f_a_a.jpg
273166	0	20	cross/white	n/a
273654	0	24	white/angry/standard/4	SHINEd_008_y_m_a_b.jpg
273756	0	20	cross/white	n/a
274286	0	25	white/angry/standard/5	SHINEd_010_y_f_a_a.jpg
274407	0	20	cross/white	n/a
274955	0	21	white/angry/deviant/1	SHINEd_010_y_f_a_a.jpg
275075	0	20	cross/white	n/a
275617	0	22	white/angry/standard/2	SHINEd_010_y_f_a_a.jpg
275737	0	20	cross/white	n/a
276273	0	23	white/angry/standard/3	SHINEd_010_y_f_a_a.jpg
276388	0	20	cross/white	n/a
276930	0	24	white/angry/standard/4	SHINEd_008_y_m_a_b.jpg
277056	0	20	cross/white	n/a
277598	0	25	white/angry/standard/5	SHINEd_010_y_f_a_a.jpg
277707	0	20	cross/white	n/a
278212	0	26	white/angry/standard/6	SHINEd_010_y_f_a_a.jpg
278309	0	20	cross/white	n/a
278815	0	27	white/angry/standard/7	SHINEd_010_y_f_a_a.jpg
278923	0	20	cross/white	n/a
279429	0	41	white/happy/deviant/1	SHINEd_037_y_m_h_a.jpg
279519	0	20	cross/white	n/a
279995	0	42	white/happy/standard/2	SHINEd_028_y_f_h_a.jpg
280079	0	20	cross/white	n/a
280585	0	43	white/happy/standard/3	SHINEd_028_y_f_h_a.jpg
280705	0	20	cross/white	n/a
281253	0	34	34	SHINEd_016_y_m_h_a.jpg
281380	0	20	cross/white	n/a
281495	0	111	button_press	n/a
281910	0	45	white/happy/standard/5	SHINEd_028_y_f_h_a.jpg
282012	0	20	cross/white	n/a
282536	0	46	white/happy/standard/6	SHINEd_028_y_f_h_a.jpg
282656	0	20	cross/white	n/a
283210	0	47	white/happy/standard/7	SHINEd_025_y_m_h_b.jpg
283343	0	20	cross/white	n/a
283897	0	21	white/angry/deviant/1	SHINEd_010_y_f_a_a.jpg
284017	0	20	cross/white	n/a
284547	0	12	red/angry/standard/2	SHINEd_028_y_f_a_b.jpg
284656	0	20	cross/white	n/a
284777	0	111	button_press	n/a
285150	0	23	white/angry/standard/3	SHINEd_010_y_f_a_a.jpg
285234	0	20	cross/white	n/a
285710	0	24	white/angry/standard/4	SHINEd_008_y_m_a_b.jpg
285794	0	20	cross/white	n/a
286270	0	25	white/angry/standard/5	SHINEd_010_y_f_a_a.jpg
286360	0	20	cross/white	n/a
286842	0	26	white/angry/standard/6	SHINEd_010_y_f_a_a.jpg
286932	0	20	cross/white	n/a
287438	0	31	red/happy/deviant/1	SHINEd_010_y_f_h_a.jpg
287552	0	20	cross/white	n/a
287643	0	111	button_press	n/a
288094	0	42	white/happy/standard/2	SHINEd_028_y_f_h_a.jpg
288215	0	20	cross/white	n/a
288769	0	43	white/happy/standard/3	SHINEd_028_y_f_h_a.jpg
288901	0	20	cross/white	n/a
289437	0	44	white/happy/standard/4	SHINEd_028_y_f_h_a.jpg
289539	0	20	cross/white	n/a
290075	0	35	red/happy/standard/5	SHINEd_025_y_m_h_b.jpg
290208	0	20	cross/white	n/a
290311	0	111	button_press	n/a
290744	0	41	white/happy/deviant/1	SHINEd_037_y_m_h_a.jpg
290846	0	20	cross/white	n/a
291382	0	42	white/happy/standard/2	SHINEd_028_y_f_h_a.jpg
291515	0	20	cross/white	n/a
292057	0	43	white/happy/standard/3	SHINEd_028_y_f_h_a.jpg
292165	0	20	cross/white	n/a
292683	0	44	white/happy/standard/4	SHINEd_028_y_f_h_a.jpg
292785	0	20	cross/white	n/a
293273	0	45	white/happy/standard/5	SHINEd_028_y_f_h_a.jpg
293357	0	20	cross/white	n/a
293845	0	46	white/happy/standard/6	SHINEd_028_y_f_h_a.jpg
293947	0	20	cross/white	n/a
294483	0	41	white/happy/deviant/1	SHINEd_037_y_m_h_a.jpg
294616	0	20	cross/white	n/a
295164	0	42	white/happy/standard/2	SHINEd_028_y_f_h_a.jpg
295278	0	20	cross/white	n/a
295784	0	43	white/happy/standard/3	SHINEd_028_y_f_h_a.jpg
295874	0	20	cross/white	n/a
296398	0	44	white/happy/standard/4	SHINEd_028_y_f_h_a.jpg
296531	0	20	cross/white	n/a
297055	0	45	white/happy/standard/5	SHINEd_028_y_f_h_a.jpg
297145	0	20	cross/white	n/a
297627	0	46	white/happy/standard/6	SHINEd_028_y_f_h_a.jpg
297717	0	20	cross/white	n/a
298217	0	47	white/happy/standard/7	SHINEd_025_y_m_h_b.jpg
298325	0	20	cross/white	n/a
298819	0	48	white/happy/standard/8	SHINEd_022_y_f_h_b.jpg
298903	0	20	cross/white	n/a
299403	0	21	white/angry/deviant/1	SHINEd_010_y_f_a_a.jpg
299518	0	20	cross/white	n/a
300066	0	22	white/angry/standard/2	SHINEd_010_y_f_a_a.jpg
300198	0	20	cross/white	n/a
300740	0	23	white/angry/standard/3	SHINEd_010_y_f_a_a.jpg
300848	0	20	cross/white	n/a
301384	0	24	white/angry/standard/4	SHINEd_008_y_m_a_b.jpg
301511	0	20	cross/white	n/a
302065	0	25	white/angry/standard/5	SHINEd_010_y_f_a_a.jpg
302191	0	20	cross/white	n/a
302733	0	26	white/angry/standard/6	SHINEd_010_y_f_a_a.jpg
302848	0	20	cross/white	n/a
303390	0	27	white/angry/standard/7	SHINEd_010_y_f_a_a.jpg
303516	0	20	cross/white	n/a
304076	0	28	white/angry/standard/8	SHINEd_028_y_f_a_b.jpg
304209	0	20	cross/white	n/a
304727	0	61	white/neutral/deviant/1	SHINEd_008_y_m_n_b.jpg
304811	0	20	cross/white	n/a
305317	0	62	white/neutral/standard/2	SHINEd_008_y_m_n_b.jpg
305437	0	20	cross/white	n/a
305985	0	63	white/neutral/standard/3	SHINEd_008_y_m_n_b.jpg
306112	0	20	cross/white	n/a
306629	0	64	white/neutral/standard/4	SHINEd_008_y_m_n_b.jpg
306720	0	20	cross/white	n/a
307208	0	55	55	SHINEd_008_y_m_n_b.jpg
307304	0	20	cross/white	n/a
307509	0	111	button_press	n/a
307792	0	66	white/neutral/standard/6	SHINEd_008_y_m_n_b.jpg
307882	0	20	cross/white	n/a
308358	0	21	white/angry/deviant/1	SHINEd_010_y_f_a_a.jpg
308442	0	20	cross/white	n/a
308936	0	22	white/angry/standard/2	SHINEd_010_y_f_a_a.jpg
309044	0	20	cross/white	n/a
309580	0	23	white/angry/standard/3	SHINEd_010_y_f_a_a.jpg
309695	0	20	cross/white	n/a
310213	0	24	white/angry/standard/4	SHINEd_008_y_m_a_b.jpg
310315	0	20	cross/white	n/a
310833	0	25	white/angry/standard/5	SHINEd_010_y_f_a_a.jpg
310947	0	20	cross/white	n/a
311471	0	61	white/neutral/deviant/1	SHINEd_008_y_m_n_b.jpg
311579	0	20	cross/white	n/a
312085	0	62	white/neutral/standard/2	SHINEd_008_y_m_n_b.jpg
312182	0	20	cross/white	n/a
312675	0	63	white/neutral/standard/3	SHINEd_008_y_m_n_b.jpg
312766	0	20	cross/white	n/a
313260	0	54	red/neutral/standard/4	SHINEd_022_y_f_n_a.jpg
313362	0	20	cross/white	n/a
313507	0	111	button_press	n/a
313862	0	65	white/neutral/standard/5	SHINEd_008_y_m_n_b.jpg
313952	0	20	cross/white	n/a
314458	0	66	white/neutral/standard/6	SHINEd_008_y_m_n_b.jpg
314572	0	20	cross/white	n/a
315090	0	67	white/neutral/standard/7	SHINEd_016_y_m_n_b.jpg
315193	0	20	cross/white	n/a
315716	0	68	white/neutral/standard/8	SHINEd_008_y_m_n_b.jpg
315837	0	20	cross/white	n/a
316355	0	41	white/happy/deviant/1	SHINEd_037_y_m_h_a.jpg
316451	0	20	cross/white	n/a
316957	0	42	white/happy/standard/2	SHINEd_028_y_f_h_a.jpg
317065	0	20	cross/white	n/a
317595	0	43	white/happy/standard/3	SHINEd_028_y_f_h_a.jpg
317716	0	20	cross/white	n/a
318222	0	44	white/happy/standard/4	SHINEd_028_y_f_h_a.jpg
318306	0	20	cross/white	n/a
318776	0	45	white/happy/standard/5	SHINEd_028_y_f_h_a.jpg
318860	0	20	cross/white	n/a
319378	0	41	white/happy/deviant/1	SHINEd_037_y_m_h_a.jpg
319504	0	20	cross/white	n/a
320052	0	42	white/happy/standard/2	SHINEd_028_y_f_h_a.jpg
320173	0	20	cross/white	n/a
320690	0	43	white/happy/standard/3	SHINEd_028_y_f_h_a.jpg
320787	0	20	cross/white	n/a
321293	0	44	white/happy/standard/4	SHINEd_028_y_f_h_a.jpg
321401	0	20	cross/white	n/a
321931	0	45	white/happy/standard/5	SHINEd_028_y_f_h_a.jpg
322045	0	20	cross/white	n/a
322545	0	46	white/happy/standard/6	SHINEd_028_y_f_h_a.jpg
322629	0	20	cross/white	n/a
323135	0	47	white/happy/standard/7	SHINEd_025_y_m_h_b.jpg
323256	0	20	cross/white	n/a
323768	0	41	white/happy/deviant/1	SHINEd_037_y_m_h_a.jpg
323858	0	20	cross/white	n/a
324376	0	42	white/happy/standard/2	SHINEd_028_y_f_h_a.jpg
324502	0	20	cross/white	n/a
325044	0	43	white/happy/standard/3	SHINEd_028_y_f_h_a.jpg
325159	0	20	cross/white	n/a
325677	0	44	white/happy/standard/4	SHINEd_028_y_f_h_a.jpg
325779	0	20	cross/white	n/a
326273	0	45	white/happy/standard/5	SHINEd_028_y_f_h_a.jpg
326363	0	20	cross/white	n/a
326863	0	46	white/happy/standard/6	SHINEd_028_y_f_h_a.jpg
326971	0	20	cross/white	n/a
327489	0	21	white/angry/deviant/1	SHINEd_010_y_f_a_a.jpg
327598	0	20	cross/white	n/a
328121	0	22	white/angry/standard/2	SHINEd_010_y_f_a_a.jpg
328230	0	20	cross/white	n/a
328760	0	23	white/angry/standard/3	SHINEd_010_y_f_a_a.jpg
328880	0	20	cross/white	n/a
329392	0	24	white/angry/standard/4	SHINEd_008_y_m_a_b.jpg
329482	0	20	cross/white	n/a
329970	0	25	white/angry/standard/5	SHINEd_010_y_f_a_a.jpg
330060	0	20	cross/white	n/a
330572	0	26	white/angry/standard/6	SHINEd_010_y_f_a_a.jpg
330693	0	20	cross/white	n/a
331229	0	17	17	SHINEd_028_y_f_a_b.jpg
331343	0	20	cross/white	n/a
331470	0	111	button_press	n/a
331873	0	21	white/angry/deviant/1	SHINEd_010_y_f_a_a.jpg
331987	0	20	cross/white	n/a
332506	0	22	white/angry/standard/2	SHINEd_010_y_f_a_a.jpg
332608	0	20	cross/white	n/a
333120	0	23	white/angry/standard/3	SHINEd_010_y_f_a_a.jpg
333228	0	20	cross/white	n/a
333734	0	24	white/angry/standard/4	SHINEd_008_y_m_a_b.jpg
333830	0	20	cross/white	n/a
334342	0	25	white/angry/standard/5	SHINEd_010_y_f_a_a.jpg
334456	0	20	cross/white	n/a
334974	0	21	white/angry/deviant/1	SHINEd_010_y_f_a_a.jpg
335077	0	20	cross/white	n/a
335601	0	22	white/angry/standard/2	SHINEd_010_y_f_a_a.jpg
335721	0	20	cross/white	n/a
336251	0	23	white/angry/standard/3	SHINEd_010_y_f_a_a.jpg
336359	0	20	cross/white	n/a
336889	0	24	white/angry/standard/4	SHINEd_008_y_m_a_b.jpg
337010	0	20	cross/white	n/a
337522	0	25	white/angry/standard/5	SHINEd_010_y_f_a_a.jpg
337612	0	20	cross/white	n/a
338112	0	26	white/angry/standard/6	SHINEd_010_y_f_a_a.jpg
338220	0	20	cross/white	n/a
338726	0	27	white/angry/standard/7	SHINEd_010_y_f_a_a.jpg
338816	0	20	cross/white	n/a
339328	0	21	white/angry/deviant/1	SHINEd_010_y_f_a_a.jpg
339449	0	20	cross/white	n/a
339984	0	22	white/angry/standard/2	SHINEd_010_y_f_a_a.jpg
340099	0	20	cross/white	n/a
340611	0	13	red/angry/standard/3	SHINEd_008_y_m_a_b.jpg
340701	0	20	cross/white	n/a
340822	0	111	button_press	n/a
341219	0	24	white/angry/standard/4	SHINEd_008_y_m_a_b.jpg
341345	0	20	cross/white	n/a
341893	0	25	white/angry/standard/5	SHINEd_010_y_f_a_a.jpg
342014	0	20	cross/white	n/a
342532	0	16	red/angry/standard/6	SHINEd_010_y_f_a_a.jpg
342628	0	20	cross/white	n/a
343032	0	111	button_press	n/a
343260	0	20	cross/white	n/a
343784	0	21	white/angry/deviant/1	SHINEd_010_y_f_a_a.jpg
343893	0	20	cross/white	n/a
344386	0	22	white/angry/standard/2	SHINEd_010_y_f_a_a.jpg
344471	0	20	cross/white	n/a
344965	0	13	red/angry/standard/3	SHINEd_008_y_m_a_b.jpg
345073	0	20	cross/white	n/a
345206	0	111	button_press	n/a
345585	0	24	white/angry/standard/4	SHINEd_008_y_m_a_b.jpg
345687	0	20	cross/white	n/a
346205	0	25	white/angry/standard/5	SHINEd_010_y_f_a_a.jpg
346319	0	20	cross/white	n/a
346825	0	21	white/angry/deviant/1	SHINEd_010_y_f_a_a.jpg
346916	0	20	cross/white	n/a
347421	0	22	white/angry/standard/2	SHINEd_010_y_f_a_a.jpg
347536	0	20	cross/white	n/a
348072	0	23	white/angry/standard/3	SHINEd_010_y_f_a_a.jpg
348192	0	20	cross/white	n/a
348710	0	24	white/angry/standard/4	SHINEd_008_y_m_a_b.jpg
348806	0	20	cross/white	n/a
349288	0	25	white/angry/standard/5	SHINEd_010_y_f_a_a.jpg
349373	0	20	cross/white	n/a
349848	0	26	white/angry/standard/6	SHINEd_010_y_f_a_a.jpg
349939	0	20	cross/white	n/a
350456	0	61	white/neutral/deviant/1	SHINEd_008_y_m_n_b.jpg
350583	0	20	cross/white	n/a
351125	0	62	white/neutral/standard/2	SHINEd_008_y_m_n_b.jpg
351239	0	20	cross/white	n/a
351739	0	63	white/neutral/standard/3	SHINEd_008_y_m_n_b.jpg
351823	0	20	cross/white	n/a
352317	0	64	white/neutral/standard/4	SHINEd_008_y_m_n_b.jpg
352426	0	20	cross/white	n/a
352943	0	65	white/neutral/standard/5	SHINEd_008_y_m_n_b.jpg
353052	0	20	cross/white	n/a
353564	0	66	white/neutral/standard/6	SHINEd_008_y_m_n_b.jpg
353666	0	20	cross/white	n/a
354196	0	67	white/neutral/standard/7	SHINEd_016_y_m_n_b.jpg
354310	0	20	cross/white	n/a
354858	0	21	white/angry/deviant/1	SHINEd_010_y_f_a_a.jpg
354985	0	20	cross/white	n/a
355527	0	22	white/angry/standard/2	SHINEd_010_y_f_a_a.jpg
355641	0	20	cross/white	n/a
356171	0	23	white/angry/standard/3	SHINEd_010_y_f_a_a.jpg
356286	0	20	cross/white	n/a
356810	0	24	white/angry/standard/4	SHINEd_008_y_m_a_b.jpg
356912	0	20	cross/white	n/a
357430	0	25	white/angry/standard/5	SHINEd_010_y_f_a_a.jpg
357544	0	20	cross/white	n/a
358050	0	21	white/angry/deviant/1	SHINEd_010_y_f_a_a.jpg
358140	0	20	cross/white	n/a
358646	0	22	white/angry/standard/2	SHINEd_010_y_f_a_a.jpg
358761	0	20	cross/white	n/a
359272	0	23	white/angry/standard/3	SHINEd_010_y_f_a_a.jpg
359369	0	20	cross/white	n/a
359869	0	24	white/angry/standard/4	SHINEd_008_y_m_a_b.jpg
359971	0	20	cross/white	n/a
360489	0	25	white/angry/standard/5	SHINEd_010_y_f_a_a.jpg
360597	0	20	cross/white	n/a
361145	0	41	white/happy/deviant/1	SHINEd_037_y_m_h_a.jpg
361272	0	20	cross/white	n/a
361790	0	42	white/happy/standard/2	SHINEd_028_y_f_h_a.jpg
361880	0	20	cross/white	n/a
362374	0	33	red/happy/standard/3	SHINEd_008_y_m_h_b.jpg
362470	0	20	cross/white	n/a
362693	0	111	button_press	n/a
362952	0	44	white/happy/standard/4	SHINEd_028_y_f_h_a.jpg
363036	0	20	cross/white	n/a
363512	0	45	white/happy/standard/5	SHINEd_028_y_f_h_a.jpg
363602	0	20	cross/white	n/a
364114	0	46	white/happy/standard/6	SHINEd_028_y_f_h_a.jpg
364234	0	20	cross/white	n/a
364776	0	47	white/happy/standard/7	SHINEd_025_y_m_h_b.jpg
364891	0	20	cross/white	n/a
365427	0	21	white/angry/deviant/1	SHINEd_010_y_f_a_a.jpg
365547	0	20	cross/white	n/a
366077	0	22	white/angry/standard/2	SHINEd_010_y_f_a_a.jpg
366186	0	20	cross/white	n/a
366709	0	23	white/angry/standard/3	SHINEd_010_y_f_a_a.jpg
366818	0	20	cross/white	n/a
367360	0	24	white/angry/standard/4	SHINEd_008_y_m_a_b.jpg
367492	0	20	cross/white	n/a
368022	0	25	white/angry/standard/5	SHINEd_010_y_f_a_a.jpg
368119	0	20	cross/white	n/a
368618	0	26	white/angry/standard/6	SHINEd_010_y_f_a_a.jpg
368715	0	20	cross/white	n/a
369221	0	61	white/neutral/deviant/1	SHINEd_008_y_m_n_b.jpg
369323	0	20	cross/white	n/a
369847	0	62	white/neutral/standard/2	SHINEd_008_y_m_n_b.jpg
369967	0	20	cross/white	n/a
370503	0	63	white/neutral/standard/3	SHINEd_008_y_m_n_b.jpg
370606	0	20	cross/white	n/a
371148	0	64	white/neutral/standard/4	SHINEd_008_y_m_n_b.jpg
371274	0	20	cross/white	n/a
371792	0	65	white/neutral/standard/5	SHINEd_008_y_m_n_b.jpg
371876	0	20	cross/white	n/a
372358	0	41	white/happy/deviant/1	SHINEd_037_y_m_h_a.jpg
372448	0	20	cross/white	n/a
372960	0	42	white/happy/standard/2	SHINEd_028_y_f_h_a.jpg
373081	0	20	cross/white	n/a
373598	0	43	white/happy/standard/3	SHINEd_028_y_f_h_a.jpg
373695	0	20	cross/white	n/a
374176	0	44	white/happy/standard/4	SHINEd_028_y_f_h_a.jpg
374267	0	20	cross/white	n/a
374785	0	35	red/happy/standard/5	SHINEd_025_y_m_h_b.jpg
374911	0	20	cross/white	n/a
374996	0	111	button_press	n/a
375441	0	46	white/happy/standard/6	SHINEd_028_y_f_h_a.jpg
375543	0	20	cross/white	n/a
376067	0	41	white/happy/deviant/1	SHINEd_037_y_m_h_a.jpg
376188	0	20	cross/white	n/a
376718	0	42	white/happy/standard/2	SHINEd_028_y_f_h_a.jpg
376832	0	20	cross/white	n/a
377332	0	43	white/happy/standard/3	SHINEd_028_y_f_h_a.jpg
377416	0	20	cross/white	n/a
377928	0	44	white/happy/standard/4	SHINEd_028_y_f_h_a.jpg
378055	0	20	cross/white	n/a
378603	0	45	white/happy/standard/5	SHINEd_028_y_f_h_a.jpg
378723	0	20	cross/white	n/a
379271	0	41	white/happy/deviant/1	SHINEd_037_y_m_h_a.jpg
379397	0	20	cross/white	n/a
379921	0	42	white/happy/standard/2	SHINEd_028_y_f_h_a.jpg
380018	0	20	cross/white	n/a
380499	0	43	white/happy/standard/3	SHINEd_028_y_f_h_a.jpg
380584	0	20	cross/white	n/a
381072	0	44	white/happy/standard/4	SHINEd_028_y_f_h_a.jpg
381174	0	20	cross/white	n/a
381704	0	45	white/happy/standard/5	SHINEd_028_y_f_h_a.jpg
381830	0	20	cross/white	n/a
382390	0	61	white/neutral/deviant/1	SHINEd_008_y_m_n_b.jpg
382523	0	20	cross/white	n/a
383053	0	62	white/neutral/standard/2	SHINEd_008_y_m_n_b.jpg
383155	0	20	cross/white	n/a
383691	0	63	white/neutral/standard/3	SHINEd_008_y_m_n_b.jpg
383823	0	20	cross/white	n/a
384365	0	54	red/neutral/standard/4	SHINEd_022_y_f_n_a.jpg
384474	0	20	cross/white	n/a
384619	0	111	button_press	n/a
384980	0	65	white/neutral/standard/5	SHINEd_008_y_m_n_b.jpg
385076	0	20	cross/white	n/a
385588	0	66	white/neutral/standard/6	SHINEd_008_y_m_n_b.jpg
385703	0	20	cross/white	n/a
386238	0	67	white/neutral/standard/7	SHINEd_016_y_m_n_b.jpg
386365	0	20	cross/white	n/a
386919	0	68	white/neutral/standard/8	SHINEd_008_y_m_n_b.jpg
387045	0	20	cross/white	n/a
387569	0	61	white/neutral/deviant/1	SHINEd_008_y_m_n_b.jpg
387671	0	20	cross/white	n/a
388177	0	62	white/neutral/standard/2	SHINEd_008_y_m_n_b.jpg
388274	0	20	cross/white	n/a
388786	0	63	white/neutral/standard/3	SHINEd_008_y_m_n_b.jpg
388900	0	20	cross/white	n/a
389424	0	64	white/neutral/standard/4	SHINEd_008_y_m_n_b.jpg
389532	0	20	cross/white	n/a
390038	0	65	white/neutral/standard/5	SHINEd_008_y_m_n_b.jpg
390140	0	20	cross/white	n/a
390676	0	66	white/neutral/standard/6	SHINEd_008_y_m_n_b.jpg
390809	0	20	cross/white	n/a
391363	0	67	white/neutral/standard/7	SHINEd_016_y_m_n_b.jpg
391483	0	20	cross/white	n/a
392043	0	61	white/neutral/deviant/1	SHINEd_008_y_m_n_b.jpg
392164	0	20	cross/white	n/a
392706	0	62	white/neutral/standard/2	SHINEd_008_y_m_n_b.jpg
392826	0	20	cross/white	n/a
393362	0	63	white/neutral/standard/3	SHINEd_008_y_m_n_b.jpg
393477	0	20	cross/white	n/a
393976	0	64	white/neutral/standard/4	SHINEd_008_y_m_n_b.jpg
394061	0	20	cross/white	n/a
394572	0	65	white/neutral/standard/5	SHINEd_008_y_m_n_b.jpg
394687	0	20	cross/white	n/a
395235	0	66	white/neutral/standard/6	SHINEd_008_y_m_n_b.jpg
395367	0	20	cross/white	n/a
395897	0	61	white/neutral/deviant/1	SHINEd_008_y_m_n_b.jpg
396000	0	20	cross/white	n/a
396530	0	62	white/neutral/standard/2	SHINEd_008_y_m_n_b.jpg
396656	0	20	cross/white	n/a
397174	0	53	53	SHINEd_016_y_m_n_a.jpg
397264	0	20	cross/white	n/a
397385	0	111	button_press	n/a
397770	0	64	white/neutral/standard/4	SHINEd_008_y_m_n_b.jpg
397884	0	20	cross/white	n/a
398384	0	65	white/neutral/standard/5	SHINEd_008_y_m_n_b.jpg
398475	0	20	cross/white	n/a
398999	0	66	white/neutral/standard/6	SHINEd_008_y_m_n_b.jpg
399131	0	20	cross/white	n/a
399661	0	67	white/neutral/standard/7	SHINEd_016_y_m_n_b.jpg
399757	0	20	cross/white	n/a
400275	0	41	white/happy/deviant/1	SHINEd_037_y_m_h_a.jpg
400390	0	20	cross/white	n/a
400913	0	42	white/happy/standard/2	SHINEd_028_y_f_h_a.jpg
401022	0	20	cross/white	n/a
401528	0	43	white/happy/standard/3	SHINEd_028_y_f_h_a.jpg
401630	0	20	cross/white	n/a
402130	0	44	white/happy/standard/4	SHINEd_028_y_f_h_a.jpg
402226	0	20	cross/white	n/a
402708	0	45	white/happy/standard/5	SHINEd_028_y_f_h_a.jpg
402792	0	20	cross/white	n/a
403310	0	46	white/happy/standard/6	SHINEd_028_y_f_h_a.jpg
403431	0	20	cross/white	n/a
403949	0	41	white/happy/deviant/1	SHINEd_037_y_m_h_a.jpg
404051	0	20	cross/white	n/a
404533	0	42	white/happy/standard/2	SHINEd_028_y_f_h_a.jpg
404617	0	20	cross/white	n/a
405093	0	43	white/happy/standard/3	SHINEd_028_y_f_h_a.jpg
405183	0	20	cross/white	n/a
405671	0	44	white/happy/standard/4	SHINEd_028_y_f_h_a.jpg
405767	0	20	cross/white	n/a
406255	0	45	white/happy/standard/5	SHINEd_028_y_f_h_a.jpg
406345	0	20	cross/white	n/a
406839	0	46	white/happy/standard/6	SHINEd_028_y_f_h_a.jpg
406941	0	20	cross/white	n/a
407465	0	47	white/happy/standard/7	SHINEd_025_y_m_h_b.jpg
407580	0	20	cross/white	n/a
408116	0	61	white/neutral/deviant/1	SHINEd_008_y_m_n_b.jpg
408236	0	20	cross/white	n/a
408778	0	62	white/neutral/standard/2	SHINEd_008_y_m_n_b.jpg
408904	0	20	cross/white	n/a
409416	0	53	53	SHINEd_016_y_m_n_a.jpg
409501	0	20	cross/white	n/a
409970	0	64	white/neutral/standard/4	SHINEd_008_y_m_n_b.jpg
410055	0	20	cross/white	n/a
410560	0	65	white/neutral/standard/5	SHINEd_008_y_m_n_b.jpg
410681	0	20	cross/white	n/a
411193	0	21	white/angry/deviant/1	SHINEd_010_y_f_a_a.jpg
411289	0	20	cross/white	n/a
411813	0	22	white/angry/standard/2	SHINEd_010_y_f_a_a.jpg
411939	0	20	cross/white	n/a
412475	0	23	white/angry/standard/3	SHINEd_010_y_f_a_a.jpg
412584	0	20	cross/white	n/a
413108	0	24	white/angry/standard/4	SHINEd_008_y_m_a_b.jpg
413222	0	20	cross/white	n/a
413722	0	25	white/angry/standard/5	SHINEd_010_y_f_a_a.jpg
413806	0	20	cross/white	n/a
414318	0	26	white/angry/standard/6	SHINEd_010_y_f_a_a.jpg
414445	0	20	cross/white	n/a
414981	0	21	white/angry/deviant/1	SHINEd_010_y_f_a_a.jpg
415089	0	20	cross/white	n/a
415625	0	22	white/angry/standard/2	SHINEd_010_y_f_a_a.jpg
415751	0	20	cross/white	n/a
416299	0	23	white/angry/standard/3	SHINEd_010_y_f_a_a.jpg
416426	0	20	cross/white	n/a
416968	0	24	white/angry/standard/4	SHINEd_008_y_m_a_b.jpg
417082	0	20	cross/white	n/a
417618	0	25	white/angry/standard/5	SHINEd_010_y_f_a_a.jpg
417732	0	20	cross/white	n/a
418256	0	61	white/neutral/deviant/1	SHINEd_008_y_m_n_b.jpg
418365	0	20	cross/white	n/a
418883	0	62	white/neutral/standard/2	SHINEd_008_y_m_n_b.jpg
418991	0	20	cross/white	n/a
419491	0	63	white/neutral/standard/3	SHINEd_008_y_m_n_b.jpg
419581	0	20	cross/white	n/a
420081	0	64	white/neutral/standard/4	SHINEd_008_y_m_n_b.jpg
420189	0	20	cross/white	n/a
420707	0	65	white/neutral/standard/5	SHINEd_008_y_m_n_b.jpg
420816	0	20	cross/white	n/a
421358	0	66	white/neutral/standard/6	SHINEd_008_y_m_n_b.jpg
421490	0	20	cross/white	n/a
422020	0	61	white/neutral/deviant/1	SHINEd_008_y_m_n_b.jpg
422122	0	20	cross/white	n/a
422634	0	62	white/neutral/standard/2	SHINEd_008_y_m_n_b.jpg
422743	0	20	cross/white	n/a
423279	0	63	white/neutral/standard/3	SHINEd_008_y_m_n_b.jpg
423405	0	20	cross/white	n/a
423935	0	64	white/neutral/standard/4	SHINEd_008_y_m_n_b.jpg
424037	0	20	cross/white	n/a
424525	0	65	white/neutral/standard/5	SHINEd_008_y_m_n_b.jpg
424609	0	20	cross/white	n/a
425097	0	56	56	SHINEd_016_y_m_n_a.jpg
425200	0	20	cross/white	n/a
425381	0	111	button_press	n/a
425700	0	67	white/neutral/standard/7	SHINEd_016_y_m_n_b.jpg
425802	0	20	cross/white	n/a
426314	0	51	51	SHINEd_031_y_m_n_a.jpg
426422	0	20	cross/white	n/a
426512	0	111	button_press	n/a
426946	0	62	white/neutral/standard/2	SHINEd_008_y_m_n_b.jpg
427060	0	20	cross/white	n/a
427608	0	63	white/neutral/standard/3	SHINEd_008_y_m_n_b.jpg
427741	0	20	cross/white	n/a
428271	0	64	white/neutral/standard/4	SHINEd_008_y_m_n_b.jpg
428367	0	20	cross/white	n/a
428873	0	65	white/neutral/standard/5	SHINEd_008_y_m_n_b.jpg
428975	0	20	cross/white	n/a
429469	0	66	white/neutral/standard/6	SHINEd_008_y_m_n_b.jpg
429565	0	20	cross/white	n/a
430083	0	21	white/angry/deviant/1	SHINEd_010_y_f_a_a.jpg
430204	0	20	cross/white	n/a
430740	0	22	white/angry/standard/2	SHINEd_010_y_f_a_a.jpg
430842	0	20	cross/white	n/a
431354	0	23	white/angry/standard/3	SHINEd_010_y_f_a_a.jpg
431462	0	20	cross/white	n/a
431968	0	24	white/angry/standard/4	SHINEd_008_y_m_a_b.jpg
432064	0	20	cross/white	n/a
432546	0	25	white/angry/standard/5	SHINEd_010_y_f_a_a.jpg
432631	0	20	cross/white	n/a
433142	0	26	white/angry/standard/6	SHINEd_010_y_f_a_a.jpg
433269	0	20	cross/white	n/a
433817	0	61	white/neutral/deviant/1	SHINEd_008_y_m_n_b.jpg
433937	0	20	cross/white	n/a
434461	0	62	white/neutral/standard/2	SHINEd_008_y_m_n_b.jpg
434558	0	20	cross/white	n/a
435045	0	63	white/neutral/standard/3	SHINEd_008_y_m_n_b.jpg
435136	0	20	cross/white	n/a
435611	0	54	red/neutral/standard/4	SHINEd_022_y_f_n_a.jpg
435696	0	20	cross/white	n/a
435871	0	111	button_press	n/a
436165	0	65	white/neutral/standard/5	SHINEd_008_y_m_n_b.jpg
436250	0	20	cross/white	n/a
436762	0	66	white/neutral/standard/6	SHINEd_008_y_m_n_b.jpg
436888	0	20	cross/white	n/a
437418	0	67	white/neutral/standard/7	SHINEd_016_y_m_n_b.jpg
437520	0	20	cross/white	n/a
438020	0	68	white/neutral/standard/8	SHINEd_008_y_m_n_b.jpg
438122	0	20	cross/white	n/a
438628	0	21	white/angry/deviant/1	SHINEd_010_y_f_a_a.jpg
438725	0	20	cross/white	n/a
439206	0	22	white/angry/standard/2	SHINEd_010_y_f_a_a.jpg
439291	0	20	cross/white	n/a
439809	0	23	white/angry/standard/3	SHINEd_010_y_f_a_a.jpg
439941	0	20	cross/white	n/a
440495	0	24	white/angry/standard/4	SHINEd_008_y_m_a_b.jpg
440616	0	20	cross/white	n/a
441145	0	25	white/angry/standard/5	SHINEd_010_y_f_a_a.jpg
441254	0	20	cross/white	n/a
441790	0	26	white/angry/standard/6	SHINEd_010_y_f_a_a.jpg
441916	0	20	cross/white	n/a
442452	0	27	white/angry/standard/7	SHINEd_010_y_f_a_a.jpg
442567	0	20	cross/white	n/a
443078	0	21	white/angry/deviant/1	SHINEd_010_y_f_a_a.jpg
443175	0	20	cross/white	n/a
443681	0	22	white/angry/standard/2	SHINEd_010_y_f_a_a.jpg
443789	0	20	cross/white	n/a
444307	0	23	white/angry/standard/3	SHINEd_010_y_f_a_a.jpg
444415	0	20	cross/white	n/a
444921	0	24	white/angry/standard/4	SHINEd_008_y_m_a_b.jpg
445017	0	20	cross/white	n/a
445511	0	25	white/angry/standard/5	SHINEd_010_y_f_a_a.jpg
445608	0	20	cross/white	n/a
446119	0	41	white/happy/deviant/1	SHINEd_037_y_m_h_a.jpg
446234	0	20	cross/white	n/a
446740	0	42	white/happy/standard/2	SHINEd_028_y_f_h_a.jpg
446830	0	20	cross/white	n/a
447348	0	43	white/happy/standard/3	SHINEd_028_y_f_h_a.jpg
447468	0	20	cross/white	n/a
448016	0	44	white/happy/standard/4	SHINEd_028_y_f_h_a.jpg
448143	0	20	cross/white	n/a
448697	0	45	white/happy/standard/5	SHINEd_028_y_f_h_a.jpg
448823	0	20	cross/white	n/a
449353	0	21	white/angry/deviant/1	SHINEd_010_y_f_a_a.jpg
449456	0	20	cross/white	n/a
449943	0	22	white/angry/standard/2	SHINEd_010_y_f_a_a.jpg
450028	0	20	cross/white	n/a
450521	0	13	red/angry/standard/3	SHINEd_008_y_m_a_b.jpg
450630	0	20	cross/white	n/a
451136	0	24	white/angry/standard/4	SHINEd_008_y_m_a_b.jpg
451232	0	20	cross/white	n/a
451744	0	25	white/angry/standard/5	SHINEd_010_y_f_a_a.jpg
451858	0	20	cross/white	n/a
452364	0	16	red/angry/standard/6	SHINEd_010_y_f_a_a.jpg
452454	0	20	cross/white	n/a
452623	0	111	button_press	n/a
452960	0	27	white/angry/standard/7	SHINEd_010_y_f_a_a.jpg
453069	0	20	cross/white	n/a
453340	0	200	feedback	n/a
487393	0	111	button_press	n/a
487718	0	20	cross/white	n/a
488212	0	23	white/angry/standard/3	SHINEd_010_y_f_a_a.jpg
488327	0	20	cross/white	n/a
488863	0	24	white/angry/standard/4	SHINEd_008_y_m_a_b.jpg
488989	0	20	cross/white	n/a
489537	0	25	white/angry/standard/5	SHINEd_010_y_f_a_a.jpg
489657	0	20	cross/white	n/a
490217	0	26	white/angry/standard/6	SHINEd_010_y_f_a_a.jpg
490350	0	20	cross/white	n/a
490868	0	61	white/neutral/deviant/1	SHINEd_008_y_m_n_b.jpg
490952	0	20	cross/white	n/a
491452	0	62	white/neutral/standard/2	SHINEd_008_y_m_n_b.jpg
491566	0	20	cross/white	n/a
492096	0	63	white/neutral/standard/3	SHINEd_008_y_m_n_b.jpg
492217	0	20	cross/white	n/a
492735	0	64	white/neutral/standard/4	SHINEd_008_y_m_n_b.jpg
492831	0	20	cross/white	n/a
493355	0	65	white/neutral/standard/5	SHINEd_008_y_m_n_b.jpg
493481	0	20	cross/white	n/a
494035	0	66	white/neutral/standard/6	SHINEd_008_y_m_n_b.jpg
494162	0	20	cross/white	n/a
494686	0	67	white/neutral/standard/7	SHINEd_016_y_m_n_b.jpg
494782	0	20	cross/white	n/a
495264	0	31	red/happy/deviant/1	SHINEd_010_y_f_h_a.jpg
495348	0	20	cross/white	n/a
495475	0	111	button_press	n/a
495824	0	42	white/happy/standard/2	SHINEd_028_y_f_h_a.jpg
495914	0	20	cross/white	n/a
496402	0	43	white/happy/standard/3	SHINEd_028_y_f_h_a.jpg
496492	0	20	cross/white	n/a
496998	0	44	white/happy/standard/4	SHINEd_028_y_f_h_a.jpg
497106	0	20	cross/white	n/a
497606	0	45	white/happy/standard/5	SHINEd_028_y_f_h_a.jpg
497697	0	20	cross/white	n/a
498214	0	46	white/happy/standard/6	SHINEd_028_y_f_h_a.jpg
498341	0	20	cross/white	n/a
498883	0	47	white/happy/standard/7	SHINEd_025_y_m_h_b.jpg
498997	0	20	cross/white	n/a
499509	0	48	white/happy/standard/8	SHINEd_022_y_f_h_b.jpg
499599	0	20	cross/white	n/a
500093	0	61	white/neutral/deviant/1	SHINEd_008_y_m_n_b.jpg
500190	0	20	cross/white	n/a
500695	0	62	white/neutral/standard/2	SHINEd_008_y_m_n_b.jpg
500804	0	20	cross/white	n/a
501304	0	63	white/neutral/standard/3	SHINEd_008_y_m_n_b.jpg
501394	0	20	cross/white	n/a
501918	0	64	white/neutral/standard/4	SHINEd_008_y_m_n_b.jpg
502050	0	20	cross/white	n/a
502616	0	65	white/neutral/standard/5	SHINEd_008_y_m_n_b.jpg
502743	0	20	cross/white	n/a
503273	0	66	white/neutral/standard/6	SHINEd_008_y_m_n_b.jpg
503381	0	20	cross/white	n/a
503887	0	21	white/angry/deviant/1	SHINEd_010_y_f_a_a.jpg
503977	0	20	cross/white	n/a
504459	0	22	white/angry/standard/2	SHINEd_010_y_f_a_a.jpg
504543	0	20	cross/white	n/a
505037	0	13	red/angry/standard/3	SHINEd_008_y_m_a_b.jpg
505128	0	20	cross/white	n/a
505278	0	111	button_press	n/a
505634	0	24	white/angry/standard/4	SHINEd_008_y_m_a_b.jpg
505736	0	20	cross/white	n/a
506284	0	25	white/angry/standard/5	SHINEd_010_y_f_a_a.jpg
506410	0	20	cross/white	n/a
506940	0	26	white/angry/standard/6	SHINEd_010_y_f_a_a.jpg
507030	0	20	cross/white	n/a
507542	0	27	white/angry/standard/7	SHINEd_010_y_f_a_a.jpg
507663	0	20	cross/white	n/a
508229	0	21	white/angry/deviant/1	SHINEd_010_y_f_a_a.jpg
508349	0	20	cross/white	n/a
508946	0	22	white/angry/standard/2	SHINEd_010_y_f_a_a.jpg
509036	0	20	cross/white	n/a
509584	0	23	white/angry/standard/3	SHINEd_010_y_f_a_a.jpg
509692	0	20	cross/white	n/a
510234	0	24	white/angry/standard/4	SHINEd_008_y_m_a_b.jpg
510318	0	20	cross/white	n/a
510824	0	25	white/angry/standard/5	SHINEd_010_y_f_a_a.jpg
510915	0	20	cross/white	n/a
511444	0	26	white/angry/standard/6	SHINEd_010_y_f_a_a.jpg
511565	0	20	cross/white	n/a
512089	0	27	white/angry/standard/7	SHINEd_010_y_f_a_a.jpg
512191	0	20	cross/white	n/a
512697	0	61	white/neutral/deviant/1	SHINEd_008_y_m_n_b.jpg
512793	0	20	cross/white	n/a
513317	0	62	white/neutral/standard/2	SHINEd_008_y_m_n_b.jpg
513444	0	20	cross/white	n/a
514004	0	63	white/neutral/standard/3	SHINEd_008_y_m_n_b.jpg
514136	0	20	cross/white	n/a
514678	0	64	white/neutral/standard/4	SHINEd_008_y_m_n_b.jpg
514787	0	20	cross/white	n/a
515292	0	65	white/neutral/standard/5	SHINEd_008_y_m_n_b.jpg
515389	0	20	cross/white	n/a
515925	0	66	white/neutral/standard/6	SHINEd_008_y_m_n_b.jpg
516051	0	20	cross/white	n/a
516581	0	61	white/neutral/deviant/1	SHINEd_008_y_m_n_b.jpg
516683	0	20	cross/white	n/a
517195	0	62	white/neutral/standard/2	SHINEd_008_y_m_n_b.jpg
517304	0	20	cross/white	n/a
517797	0	63	white/neutral/standard/3	SHINEd_008_y_m_n_b.jpg
517882	0	20	cross/white	n/a
518382	0	64	white/neutral/standard/4	SHINEd_008_y_m_n_b.jpg
518496	0	20	cross/white	n/a
519002	0	65	white/neutral/standard/5	SHINEd_008_y_m_n_b.jpg
519092	0	20	cross/white	n/a
519586	0	56	56	SHINEd_016_y_m_n_a.jpg
519688	0	20	cross/white	n/a
520102	0	111	button_press	n/a
520266	0	20	cross/white	n/a
520772	0	62	white/neutral/standard/2	SHINEd_008_y_m_n_b.jpg
520893	0	20	cross/white	n/a
521417	0	63	white/neutral/standard/3	SHINEd_008_y_m_n_b.jpg
521519	0	20	cross/white	n/a
522037	0	54	red/neutral/standard/4	SHINEd_022_y_f_n_a.jpg
522145	0	20	cross/white	n/a
522368	0	111	button_press	n/a
522687	0	65	white/neutral/standard/5	SHINEd_008_y_m_n_b.jpg
522814	0	20	cross/white	n/a
523332	0	66	white/neutral/standard/6	SHINEd_008_y_m_n_b.jpg
523422	0	20	cross/white	n/a
523910	0	41	white/happy/deviant/1	SHINEd_037_y_m_h_a.jpg
524006	0	20	cross/white	n/a
524500	0	42	white/happy/standard/2	SHINEd_028_y_f_h_a.jpg
524596	0	20	cross/white	n/a
525102	0	43	white/happy/standard/3	SHINEd_028_y_f_h_a.jpg
525210	0	20	cross/white	n/a
525722	0	44	white/happy/standard/4	SHINEd_028_y_f_h_a.jpg
525819	0	20	cross/white	n/a
526319	0	45	white/happy/standard/5	SHINEd_028_y_f_h_a.jpg
526421	0	20	cross/white	n/a
526927	0	21	white/angry/deviant/1	SHINEd_010_y_f_a_a.jpg
527029	0	20	cross/white	n/a
527535	0	22	white/angry/standard/2	SHINEd_010_y_f_a_a.jpg
527631	0	20	cross/white	n/a
528149	0	23	white/angry/standard/3	SHINEd_010_y_f_a_a.jpg
528269	0	20	cross/white	n/a
528787	0	24	white/angry/standard/4	SHINEd_008_y_m_a_b.jpg
528884	0	20	cross/white	n/a
529396	0	25	white/angry/standard/5	SHINEd_010_y_f_a_a.jpg
529510	0	20	cross/white	n/a
530052	0	26	white/angry/standard/6	SHINEd_010_y_f_a_a.jpg
530178	0	20	cross/white	n/a
530690	0	61	white/neutral/deviant/1	SHINEd_008_y_m_n_b.jpg
530775	0	20	cross/white	n/a
531298	0	62	white/neutral/standard/2	SHINEd_008_y_m_n_b.jpg
531425	0	20	cross/white	n/a
531955	0	63	white/neutral/standard/3	SHINEd_008_y_m_n_b.jpg
532057	0	20	cross/white	n/a
532557	0	64	white/neutral/standard/4	SHINEd_008_y_m_n_b.jpg
532653	0	20	cross/white	n/a
533159	0	55	55	SHINEd_008_y_m_n_b.jpg
533268	0	20	cross/white	n/a
533497	0	111	button_press	n/a
533792	0	66	white/neutral/standard/6	SHINEd_008_y_m_n_b.jpg
533900	0	20	cross/white	n/a
534412	0	41	white/happy/deviant/1	SHINEd_037_y_m_h_a.jpg
534514	0	20	cross/white	n/a
535032	0	42	white/happy/standard/2	SHINEd_028_y_f_h_a.jpg
535146	0	20	cross/white	n/a
535646	0	43	white/happy/standard/3	SHINEd_028_y_f_h_a.jpg
535731	0	20	cross/white	n/a
536230	0	44	white/happy/standard/4	SHINEd_028_y_f_h_a.jpg
536345	0	20	cross/white	n/a
536851	0	45	white/happy/standard/5	SHINEd_028_y_f_h_a.jpg
536941	0	20	cross/white	n/a
537429	0	41	white/happy/deviant/1	SHINEd_037_y_m_h_a.jpg
537525	0	20	cross/white	n/a
538025	0	42	white/happy/standard/2	SHINEd_028_y_f_h_a.jpg
538127	0	20	cross/white	n/a
538621	0	33	red/happy/standard/3	SHINEd_008_y_m_h_b.jpg
538711	0	20	cross/white	n/a
538922	0	111	button_press	n/a
539199	0	44	white/happy/standard/4	SHINEd_028_y_f_h_a.jpg
539295	0	20	cross/white	n/a
539807	0	45	white/happy/standard/5	SHINEd_028_y_f_h_a.jpg
539922	0	20	cross/white	n/a
540434	0	46	white/happy/standard/6	SHINEd_028_y_f_h_a.jpg
540530	0	20	cross/white	n/a
541042	0	47	white/happy/standard/7	SHINEd_025_y_m_h_b.jpg
541150	0	20	cross/white	n/a
541656	0	41	white/happy/deviant/1	SHINEd_037_y_m_h_a.jpg
541752	0	20	cross/white	n/a
542264	0	42	white/happy/standard/2	SHINEd_028_y_f_h_a.jpg
542379	0	20	cross/white	n/a
542885	0	43	white/happy/standard/3	SHINEd_028_y_f_h_a.jpg
542975	0	20	cross/white	n/a
543493	0	44	white/happy/standard/4	SHINEd_028_y_f_h_a.jpg
543619	0	20	cross/white	n/a
544179	0	45	white/happy/standard/5	SHINEd_028_y_f_h_a.jpg
544312	0	20	cross/white	n/a
544866	0	46	white/happy/standard/6	SHINEd_028_y_f_h_a.jpg
544986	0	20	cross/white	n/a
545492	0	47	white/happy/standard/7	SHINEd_025_y_m_h_b.jpg
545576	0	20	cross/white	n/a
546094	0	48	white/happy/standard/8	SHINEd_022_y_f_h_b.jpg
546227	0	20	cross/white	n/a
546793	0	61	white/neutral/deviant/1	SHINEd_008_y_m_n_b.jpg
546907	0	20	cross/white	n/a
547425	0	62	white/neutral/standard/2	SHINEd_008_y_m_n_b.jpg
547527	0	20	cross/white	n/a
548057	0	63	white/neutral/standard/3	SHINEd_008_y_m_n_b.jpg
548184	0	20	cross/white	n/a
548732	0	64	white/neutral/standard/4	SHINEd_008_y_m_n_b.jpg
548846	0	20	cross/white	n/a
549352	0	65	white/neutral/standard/5	SHINEd_008_y_m_n_b.jpg
549442	0	20	cross/white	n/a
549966	0	21	white/angry/deviant/1	SHINEd_010_y_f_a_a.jpg
550099	0	20	cross/white	n/a
550653	0	22	white/angry/standard/2	SHINEd_010_y_f_a_a.jpg
550773	0	20	cross/white	n/a
551315	0	23	white/angry/standard/3	SHINEd_010_y_f_a_a.jpg
551436	0	20	cross/white	n/a
551990	0	24	white/angry/standard/4	SHINEd_008_y_m_a_b.jpg
552122	0	20	cross/white	n/a
552640	0	25	white/angry/standard/5	SHINEd_010_y_f_a_a.jpg
552724	0	20	cross/white	n/a
553242	0	61	white/neutral/deviant/1	SHINEd_008_y_m_n_b.jpg
553375	0	20	cross/white	n/a
553911	0	62	white/neutral/standard/2	SHINEd_008_y_m_n_b.jpg
554013	0	20	cross/white	n/a
554531	0	63	white/neutral/standard/3	SHINEd_008_y_m_n_b.jpg
554639	0	20	cross/white	n/a
555133	0	64	white/neutral/standard/4	SHINEd_008_y_m_n_b.jpg
555217	0	20	cross/white	n/a
555699	0	65	white/neutral/standard/5	SHINEd_008_y_m_n_b.jpg
555795	0	20	cross/white	n/a
556295	0	66	white/neutral/standard/6	SHINEd_008_y_m_n_b.jpg
556392	0	20	cross/white	n/a
556873	0	57	red/neutral/standard/7	SHINEd_031_y_m_n_a.jpg
556958	0	20	cross/white	n/a
557145	0	111	button_press	n/a
557463	0	68	white/neutral/standard/8	SHINEd_008_y_m_n_b.jpg
557578	0	20	cross/white	n/a
558120	0	61	white/neutral/deviant/1	SHINEd_008_y_m_n_b.jpg
558246	0	20	cross/white	n/a
558806	0	62	white/neutral/standard/2	SHINEd_008_y_m_n_b.jpg
558933	0	20	cross/white	n/a
559493	0	63	white/neutral/standard/3	SHINEd_008_y_m_n_b.jpg
559625	0	20	cross/white	n/a
560191	0	64	white/neutral/standard/4	SHINEd_008_y_m_n_b.jpg
560324	0	20	cross/white	n/a
560854	0	65	white/neutral/standard/5	SHINEd_008_y_m_n_b.jpg
560950	0	20	cross/white	n/a
561468	0	66	white/neutral/standard/6	SHINEd_008_y_m_n_b.jpg
561582	0	20	cross/white	n/a
562130	0	61	white/neutral/deviant/1	SHINEd_008_y_m_n_b.jpg
562263	0	20	cross/white	n/a
562793	0	62	white/neutral/standard/2	SHINEd_008_y_m_n_b.jpg
562889	0	20	cross/white	n/a
563395	0	53	53	SHINEd_016_y_m_n_a.jpg
563503	0	20	cross/white	n/a
563672	0	111	button_press	n/a
564045	0	64	white/neutral/standard/4	SHINEd_008_y_m_n_b.jpg
564172	0	20	cross/white	n/a
564708	0	65	white/neutral/standard/5	SHINEd_008_y_m_n_b.jpg
564816	0	20	cross/white	n/a
565352	0	66	white/neutral/standard/6	SHINEd_008_y_m_n_b.jpg
565478	0	20	cross/white	n/a
566020	0	21	white/angry/deviant/1	SHINEd_010_y_f_a_a.jpg
566135	0	20	cross/white	n/a
566659	0	22	white/angry/standard/2	SHINEd_010_y_f_a_a.jpg
566767	0	20	cross/white	n/a
567291	0	23	white/angry/standard/3	SHINEd_010_y_f_a_a.jpg
567405	0	20	cross/white	n/a
567917	0	24	white/angry/standard/4	SHINEd_008_y_m_a_b.jpg
568014	0	20	cross/white	n/a
568507	0	25	white/angry/standard/5	SHINEd_010_y_f_a_a.jpg
568604	0	20	cross/white	n/a
569116	0	16	red/angry/standard/6	SHINEd_010_y_f_a_a.jpg
569224	0	20	cross/white	n/a
569393	0	111	button_press	n/a
569742	0	11	red/angry/deviant/1	SHINEd_008_y_m_a_b.jpg
569850	0	20	cross/white	n/a
570061	0	111	button_press	n/a
570374	0	22	white/angry/standard/2	SHINEd_010_y_f_a_a.jpg
570489	0	20	cross/white	n/a
570994	0	23	white/angry/standard/3	SHINEd_010_y_f_a_a.jpg
571085	0	20	cross/white	n/a
571609	0	24	white/angry/standard/4	SHINEd_008_y_m_a_b.jpg
571735	0	20	cross/white	n/a
572247	0	25	white/angry/standard/5	SHINEd_010_y_f_a_a.jpg
572331	0	20	cross/white	n/a
572819	0	26	white/angry/standard/6	SHINEd_010_y_f_a_a.jpg
572921	0	20	cross/white	n/a
573433	0	21	white/angry/deviant/1	SHINEd_010_y_f_a_a.jpg
573542	0	20	cross/white	n/a
574054	0	12	red/angry/standard/2	SHINEd_028_y_f_a_b.jpg
574156	0	20	cross/white	n/a
574373	0	111	button_press	n/a
574680	0	23	white/angry/standard/3	SHINEd_010_y_f_a_a.jpg
574800	0	20	cross/white	n/a
575312	0	24	white/angry/standard/4	SHINEd_008_y_m_a_b.jpg
575402	0	20	cross/white	n/a
575902	0	25	white/angry/standard/5	SHINEd_010_y_f_a_a.jpg
576011	0	20	cross/white	n/a
576547	0	26	white/angry/standard/6	SHINEd_010_y_f_a_a.jpg
576673	0	20	cross/white	n/a
577215	0	41	white/happy/deviant/1	SHINEd_037_y_m_h_a.jpg
577329	0	20	cross/white	n/a
577847	0	42	white/happy/standard/2	SHINEd_028_y_f_h_a.jpg
577938	0	20	cross/white	n/a
578425	0	43	white/happy/standard/3	SHINEd_028_y_f_h_a.jpg
578516	0	20	cross/white	n/a
579022	0	44	white/happy/standard/4	SHINEd_028_y_f_h_a.jpg
579136	0	20	cross/white	n/a
579672	0	45	white/happy/standard/5	SHINEd_028_y_f_h_a.jpg
579792	0	20	cross/white	n/a
580346	0	46	white/happy/standard/6	SHINEd_028_y_f_h_a.jpg
580479	0	20	cross/white	n/a
581009	0	47	white/happy/standard/7	SHINEd_025_y_m_h_b.jpg
581105	0	20	cross/white	n/a
581611	0	21	white/angry/deviant/1	SHINEd_010_y_f_a_a.jpg
581719	0	20	cross/white	n/a
582225	0	22	white/angry/standard/2	SHINEd_010_y_f_a_a.jpg
582310	0	20	cross/white	n/a
582809	0	23	white/angry/standard/3	SHINEd_010_y_f_a_a.jpg
582924	0	20	cross/white	n/a
583442	0	24	white/angry/standard/4	SHINEd_008_y_m_a_b.jpg
583544	0	20	cross/white	n/a
584068	0	25	white/angry/standard/5	SHINEd_010_y_f_a_a.jpg
584176	0	20	cross/white	n/a
584688	0	26	white/angry/standard/6	SHINEd_010_y_f_a_a.jpg
584791	0	20	cross/white	n/a
585314	0	27	white/angry/standard/7	SHINEd_010_y_f_a_a.jpg
585423	0	20	cross/white	n/a
585935	0	21	white/angry/deviant/1	SHINEd_010_y_f_a_a.jpg
586037	0	20	cross/white	n/a
586537	0	22	white/angry/standard/2	SHINEd_010_y_f_a_a.jpg
586633	0	20	cross/white	n/a
587145	0	23	white/angry/standard/3	SHINEd_010_y_f_a_a.jpg
587259	0	20	cross/white	n/a
587789	0	24	white/angry/standard/4	SHINEd_008_y_m_a_b.jpg
587904	0	20	cross/white	n/a
588416	0	25	white/angry/standard/5	SHINEd_010_y_f_a_a.jpg
588512	0	20	cross/white	n/a
589012	0	26	white/angry/standard/6	SHINEd_010_y_f_a_a.jpg
589114	0	20	cross/white	n/a
589620	0	27	white/angry/standard/7	SHINEd_010_y_f_a_a.jpg
589716	0	20	cross/white	n/a
590216	0	41	white/happy/deviant/1	SHINEd_037_y_m_h_a.jpg
590319	0	20	cross/white	n/a
590848	0	42	white/happy/standard/2	SHINEd_028_y_f_h_a.jpg
590975	0	20	cross/white	n/a
591529	0	43	white/happy/standard/3	SHINEd_028_y_f_h_a.jpg
591655	0	20	cross/white	n/a
592179	0	44	white/happy/standard/4	SHINEd_028_y_f_h_a.jpg
592276	0	20	cross/white	n/a
592757	0	45	white/happy/standard/5	SHINEd_028_y_f_h_a.jpg
592842	0	20	cross/white	n/a
593317	0	21	white/angry/deviant/1	SHINEd_010_y_f_a_a.jpg
593402	0	20	cross/white	n/a
593890	0	22	white/angry/standard/2	SHINEd_010_y_f_a_a.jpg
593992	0	20	cross/white	n/a
594528	0	23	white/angry/standard/3	SHINEd_010_y_f_a_a.jpg
594660	0	20	cross/white	n/a
595220	0	24	white/angry/standard/4	SHINEd_008_y_m_a_b.jpg
595347	0	20	cross/white	n/a
595859	0	25	white/angry/standard/5	SHINEd_010_y_f_a_a.jpg
595943	0	20	cross/white	n/a
596413	0	26	white/angry/standard/6	SHINEd_010_y_f_a_a.jpg
596497	0	20	cross/white	n/a
597015	0	27	white/angry/standard/7	SHINEd_010_y_f_a_a.jpg
597147	0	20	cross/white	n/a
597707	0	61	white/neutral/deviant/1	SHINEd_008_y_m_n_b.jpg
597828	0	20	cross/white	n/a
598358	0	62	white/neutral/standard/2	SHINEd_008_y_m_n_b.jpg
598466	0	20	cross/white	n/a
598966	0	63	white/neutral/standard/3	SHINEd_008_y_m_n_b.jpg
599056	0	20	cross/white	n/a
599538	0	64	white/neutral/standard/4	SHINEd_008_y_m_n_b.jpg
599628	0	20	cross/white	n/a
600146	0	65	white/neutral/standard/5	SHINEd_008_y_m_n_b.jpg
600273	0	20	cross/white	n/a
600809	0	66	white/neutral/standard/6	SHINEd_008_y_m_n_b.jpg
600917	0	20	cross/white	n/a
601453	0	21	white/angry/deviant/1	SHINEd_010_y_f_a_a.jpg
601579	0	20	cross/white	n/a
602139	0	22	white/angry/standard/2	SHINEd_010_y_f_a_a.jpg
602272	0	20	cross/white	n/a
602808	0	23	white/angry/standard/3	SHINEd_010_y_f_a_a.jpg
602910	0	20	cross/white	n/a
603428	0	24	white/angry/standard/4	SHINEd_008_y_m_a_b.jpg
603543	0	20	cross/white	n/a
604061	0	25	white/angry/standard/5	SHINEd_010_y_f_a_a.jpg
604163	0	20	cross/white	n/a
604651	0	26	white/angry/standard/6	SHINEd_010_y_f_a_a.jpg
604735	0	20	cross/white	n/a
605217	0	11	red/angry/deviant/1	SHINEd_008_y_m_a_b.jpg
605313	0	20	cross/white	n/a
605813	0	22	white/angry/standard/2	SHINEd_010_y_f_a_a.jpg
605915	0	20	cross/white	n/a
606403	0	23	white/angry/standard/3	SHINEd_010_y_f_a_a.jpg
606487	0	20	cross/white	n/a
606987	0	24	white/angry/standard/4	SHINEd_008_y_m_a_b.jpg
607101	0	20	cross/white	n/a
607625	0	25	white/angry/standard/5	SHINEd_010_y_f_a_a.jpg
607734	0	20	cross/white	n/a
608264	0	26	white/angry/standard/6	SHINEd_010_y_f_a_a.jpg
608384	0	20	cross/white	n/a
608938	0	21	white/angry/deviant/1	SHINEd_010_y_f_a_a.jpg
609065	0	20	cross/white	n/a
609607	0	22	white/angry/standard/2	SHINEd_010_y_f_a_a.jpg
609721	0	20	cross/white	n/a
610221	0	23	white/angry/standard/3	SHINEd_010_y_f_a_a.jpg
610305	0	20	cross/white	n/a
610811	0	24	white/angry/standard/4	SHINEd_008_y_m_a_b.jpg
610931	0	20	cross/white	n/a
611461	0	25	white/angry/standard/5	SHINEd_010_y_f_a_a.jpg
611570	0	20	cross/white	n/a
612094	0	41	white/happy/deviant/1	SHINEd_037_y_m_h_a.jpg
612208	0	20	cross/white	n/a
612726	0	42	white/happy/standard/2	SHINEd_028_y_f_h_a.jpg
612828	0	20	cross/white	n/a
613322	0	43	white/happy/standard/3	SHINEd_028_y_f_h_a.jpg
613406	0	20	cross/white	n/a
613882	0	44	white/happy/standard/4	SHINEd_028_y_f_h_a.jpg
613972	0	20	cross/white	n/a
614454	0	45	white/happy/standard/5	SHINEd_028_y_f_h_a.jpg
614544	0	20	cross/white	n/a
615056	0	46	white/happy/standard/6	SHINEd_028_y_f_h_a.jpg
615177	0	20	cross/white	n/a
615725	0	47	white/happy/standard/7	SHINEd_025_y_m_h_b.jpg
615851	0	20	cross/white	n/a
616387	0	21	white/angry/deviant/1	SHINEd_010_y_f_a_a.jpg
616496	0	20	cross/white	n/a
617008	0	22	white/angry/standard/2	SHINEd_010_y_f_a_a.jpg
617110	0	20	cross/white	n/a
617598	0	23	white/angry/standard/3	SHINEd_010_y_f_a_a.jpg
617682	0	20	cross/white	n/a
618176	0	24	white/angry/standard/4	SHINEd_008_y_m_a_b.jpg
618284	0	20	cross/white	n/a
618790	0	25	white/angry/standard/5	SHINEd_010_y_f_a_a.jpg
618886	0	20	cross/white	n/a
619392	0	26	white/angry/standard/6	SHINEd_010_y_f_a_a.jpg
619494	0	20	cross/white	n/a
619994	0	27	white/angry/standard/7	SHINEd_010_y_f_a_a.jpg
620091	0	20	cross/white	n/a
620572	0	21	white/angry/deviant/1	SHINEd_010_y_f_a_a.jpg
620657	0	20	cross/white	n/a
621151	0	22	white/angry/standard/2	SHINEd_010_y_f_a_a.jpg
621253	0	20	cross/white	n/a
621765	0	23	white/angry/standard/3	SHINEd_010_y_f_a_a.jpg
621873	0	20	cross/white	n/a
622373	0	24	white/angry/standard/4	SHINEd_008_y_m_a_b.jpg
622457	0	20	cross/white	n/a
622939	0	25	white/angry/standard/5	SHINEd_010_y_f_a_a.jpg
623035	0	20	cross/white	n/a
623523	0	26	white/angry/standard/6	SHINEd_010_y_f_a_a.jpg
623607	0	20	cross/white	n/a
624119	0	61	white/neutral/deviant/1	SHINEd_008_y_m_n_b.jpg
624246	0	20	cross/white	n/a
624770	0	62	white/neutral/standard/2	SHINEd_008_y_m_n_b.jpg
624866	0	20	cross/white	n/a
625396	0	63	white/neutral/standard/3	SHINEd_008_y_m_n_b.jpg
625528	0	20	cross/white	n/a
626052	0	64	white/neutral/standard/4	SHINEd_008_y_m_n_b.jpg
626143	0	20	cross/white	n/a
626666	0	65	white/neutral/standard/5	SHINEd_008_y_m_n_b.jpg
626793	0	20	cross/white	n/a
627353	0	66	white/neutral/standard/6	SHINEd_008_y_m_n_b.jpg
627485	0	20	cross/white	n/a
628033	0	41	white/happy/deviant/1	SHINEd_037_y_m_h_a.jpg
628142	0	20	cross/white	n/a
628672	0	32	red/happy/standard/2	SHINEd_037_y_m_h_a.jpg
628792	0	20	cross/white	n/a
629328	0	43	white/happy/standard/3	SHINEd_028_y_f_h_a.jpg
629442	0	20	cross/white	n/a
629948	0	44	white/happy/standard/4	SHINEd_028_y_f_h_a.jpg
630039	0	20	cross/white	n/a
630526	0	45	white/happy/standard/5	SHINEd_028_y_f_h_a.jpg
630623	0	20	cross/white	n/a
631117	0	41	white/happy/deviant/1	SHINEd_037_y_m_h_a.jpg
631213	0	20	cross/white	n/a
631695	0	42	white/happy/standard/2	SHINEd_028_y_f_h_a.jpg
631779	0	20	cross/white	n/a
632261	0	43	white/happy/standard/3	SHINEd_028_y_f_h_a.jpg
632357	0	20	cross/white	n/a
632839	0	44	white/happy/standard/4	SHINEd_028_y_f_h_a.jpg
632923	0	20	cross/white	n/a
633423	0	45	white/happy/standard/5	SHINEd_028_y_f_h_a.jpg
633537	0	20	cross/white	n/a
634079	0	46	white/happy/standard/6	SHINEd_028_y_f_h_a.jpg
634206	0	20	cross/white	n/a
634748	0	47	white/happy/standard/7	SHINEd_025_y_m_h_b.jpg
634862	0	20	cross/white	n/a
635404	0	41	white/happy/deviant/1	SHINEd_037_y_m_h_a.jpg
635531	0	20	cross/white	n/a
636054	0	42	white/happy/standard/2	SHINEd_028_y_f_h_a.jpg
636151	0	20	cross/white	n/a
636663	0	43	white/happy/standard/3	SHINEd_028_y_f_h_a.jpg
636777	0	20	cross/white	n/a
637289	0	44	white/happy/standard/4	SHINEd_028_y_f_h_a.jpg
637385	0	20	cross/white	n/a
637867	0	45	white/happy/standard/5	SHINEd_028_y_f_h_a.jpg
637951	0	20	cross/white	n/a
638439	0	46	white/happy/standard/6	SHINEd_028_y_f_h_a.jpg
638542	0	20	cross/white	n/a
639059	0	61	white/neutral/deviant/1	SHINEd_008_y_m_n_b.jpg
639174	0	20	cross/white	n/a
639692	0	62	white/neutral/standard/2	SHINEd_008_y_m_n_b.jpg
639782	0	20	cross/white	n/a
640294	0	63	white/neutral/standard/3	SHINEd_008_y_m_n_b.jpg
640408	0	20	cross/white	n/a
640950	0	64	white/neutral/standard/4	SHINEd_008_y_m_n_b.jpg
641077	0	20	cross/white	n/a
641607	0	65	white/neutral/standard/5	SHINEd_008_y_m_n_b.jpg
641709	0	20	cross/white	n/a
642221	0	66	white/neutral/standard/6	SHINEd_008_y_m_n_b.jpg
642329	0	20	cross/white	n/a
642865	0	67	white/neutral/standard/7	SHINEd_016_y_m_n_b.jpg
642992	0	20	cross/white	n/a
643504	0	68	white/neutral/standard/8	SHINEd_008_y_m_n_b.jpg
643588	0	20	cross/white	n/a
644094	0	61	white/neutral/deviant/1	SHINEd_008_y_m_n_b.jpg
644214	0	20	cross/white	n/a
644768	0	62	white/neutral/standard/2	SHINEd_008_y_m_n_b.jpg
644901	0	20	cross/white	n/a
645449	0	53	53	SHINEd_016_y_m_n_a.jpg
645557	0	20	cross/white	n/a
645708	0	111	button_press	n/a
646069	0	64	white/neutral/standard/4	SHINEd_008_y_m_n_b.jpg
646171	0	20	cross/white	n/a
646671	0	65	white/neutral/standard/5	SHINEd_008_y_m_n_b.jpg
646761	0	20	cross/white	n/a
647243	0	66	white/neutral/standard/6	SHINEd_008_y_m_n_b.jpg
647327	0	20	cross/white	n/a
647839	0	21	white/angry/deviant/1	SHINEd_010_y_f_a_a.jpg
647966	0	20	cross/white	n/a
648490	0	22	white/angry/standard/2	SHINEd_010_y_f_a_a.jpg
648586	0	20	cross/white	n/a
649086	0	23	white/angry/standard/3	SHINEd_010_y_f_a_a.jpg
649188	0	20	cross/white	n/a
649724	0	24	white/angry/standard/4	SHINEd_008_y_m_a_b.jpg
649857	0	20	cross/white	n/a
650417	0	25	white/angry/standard/5	SHINEd_010_y_f_a_a.jpg
650543	0	20	cross/white	n/a
651067	0	41	white/happy/deviant/1	SHINEd_037_y_m_h_a.jpg
651157	0	20	cross/white	n/a
651663	0	42	white/happy/standard/2	SHINEd_028_y_f_h_a.jpg
651778	0	20	cross/white	n/a
652326	0	43	white/happy/standard/3	SHINEd_028_y_f_h_a.jpg
652452	0	20	cross/white	n/a
653012	0	44	white/happy/standard/4	SHINEd_028_y_f_h_a.jpg
653144	0	20	cross/white	n/a
653686	0	45	white/happy/standard/5	SHINEd_028_y_f_h_a.jpg
653795	0	20	cross/white	n/a
654289	0	46	white/happy/standard/6	SHINEd_028_y_f_h_a.jpg
654373	0	20	cross/white	n/a
654849	0	47	white/happy/standard/7	SHINEd_025_y_m_h_b.jpg
654939	0	20	cross/white	n/a
655427	0	48	white/happy/standard/8	SHINEd_022_y_f_h_b.jpg
655523	0	20	cross/white	n/a
656011	0	61	white/neutral/deviant/1	SHINEd_008_y_m_n_b.jpg
656101	0	20	cross/white	n/a
656601	0	62	white/neutral/standard/2	SHINEd_008_y_m_n_b.jpg
656709	0	20	cross/white	n/a
657209	0	63	white/neutral/standard/3	SHINEd_008_y_m_n_b.jpg
657300	0	20	cross/white	n/a
657829	0	64	white/neutral/standard/4	SHINEd_008_y_m_n_b.jpg
657962	0	20	cross/white	n/a
658522	0	65	white/neutral/standard/5	SHINEd_008_y_m_n_b.jpg
658648	0	20	cross/white	n/a
659166	0	66	white/neutral/standard/6	SHINEd_008_y_m_n_b.jpg
659257	0	20	cross/white	n/a
659732	0	67	white/neutral/standard/7	SHINEd_016_y_m_n_b.jpg
659817	0	20	cross/white	n/a
660311	0	68	white/neutral/standard/8	SHINEd_008_y_m_n_b.jpg
660413	0	20	cross/white	n/a
660949	0	61	white/neutral/deviant/1	SHINEd_008_y_m_n_b.jpg
661081	0	20	cross/white	n/a
661617	0	62	white/neutral/standard/2	SHINEd_008_y_m_n_b.jpg
661720	0	20	cross/white	n/a
662213	0	53	53	SHINEd_016_y_m_n_a.jpg
662304	0	20	cross/white	n/a
662455	0	111	button_press	n/a
662785	0	64	white/neutral/standard/4	SHINEd_008_y_m_n_b.jpg
662870	0	20	cross/white	n/a
663370	0	65	white/neutral/standard/5	SHINEd_008_y_m_n_b.jpg
663472	0	20	cross/white	n/a
663972	0	66	white/neutral/standard/6	SHINEd_008_y_m_n_b.jpg
664068	0	20	cross/white	n/a
664592	0	67	white/neutral/standard/7	SHINEd_016_y_m_n_b.jpg
664718	0	20	cross/white	n/a
665242	0	21	white/angry/deviant/1	SHINEd_010_y_f_a_a.jpg
665339	0	20	cross/white	n/a
665857	0	22	white/angry/standard/2	SHINEd_010_y_f_a_a.jpg
665977	0	20	cross/white	n/a
666489	0	23	white/angry/standard/3	SHINEd_010_y_f_a_a.jpg
666579	0	20	cross/white	n/a
667061	0	24	white/angry/standard/4	SHINEd_008_y_m_a_b.jpg
667151	0	20	cross/white	n/a
667657	0	15	red/angry/standard/5	SHINEd_010_y_f_a_a.jpg
667772	0	20	cross/white	n/a
667898	0	111	button_press	n/a
668301	0	26	white/angry/standard/6	SHINEd_010_y_f_a_a.jpg
668416	0	20	cross/white	n/a
668952	0	27	white/angry/standard/7	SHINEd_010_y_f_a_a.jpg
669072	0	20	cross/white	n/a
669596	0	41	white/happy/deviant/1	SHINEd_037_y_m_h_a.jpg
669693	0	20	cross/white	n/a
670228	0	42	white/happy/standard/2	SHINEd_028_y_f_h_a.jpg
670361	0	20	cross/white	n/a
670909	0	43	white/happy/standard/3	SHINEd_028_y_f_h_a.jpg
671023	0	20	cross/white	n/a
671529	0	44	white/happy/standard/4	SHINEd_028_y_f_h_a.jpg
671620	0	20	cross/white	n/a
672137	0	45	white/happy/standard/5	SHINEd_028_y_f_h_a.jpg
672252	0	20	cross/white	n/a
672770	0	46	white/happy/standard/6	SHINEd_028_y_f_h_a.jpg
672872	0	20	cross/white	n/a
673384	0	21	white/angry/deviant/1	SHINEd_010_y_f_a_a.jpg
673492	0	20	cross/white	n/a
674010	0	12	red/angry/standard/2	SHINEd_028_y_f_a_b.jpg
674119	0	20	cross/white	n/a
674618	0	23	white/angry/standard/3	SHINEd_010_y_f_a_a.jpg
674703	0	20	cross/white	n/a
675209	0	24	white/angry/standard/4	SHINEd_008_y_m_a_b.jpg
675329	0	20	cross/white	n/a
675889	0	25	white/angry/standard/5	SHINEd_010_y_f_a_a.jpg
676021	0	20	cross/white	n/a
676569	0	26	white/angry/standard/6	SHINEd_010_y_f_a_a.jpg
676684	0	20	cross/white	n/a
677202	0	41	white/happy/deviant/1	SHINEd_037_y_m_h_a.jpg
677292	0	20	cross/white	n/a
677792	0	42	white/happy/standard/2	SHINEd_028_y_f_h_a.jpg
677900	0	20	cross/white	n/a
678436	0	43	white/happy/standard/3	SHINEd_028_y_f_h_a.jpg
678563	0	20	cross/white	n/a
679093	0	44	white/happy/standard/4	SHINEd_028_y_f_h_a.jpg
679195	0	20	cross/white	n/a
679689	0	45	white/happy/standard/5	SHINEd_028_y_f_h_a.jpg
679779	0	20	cross/white	n/a
680279	0	46	white/happy/standard/6	SHINEd_028_y_f_h_a.jpg
680381	0	20	cross/white	n/a
680887	0	21	white/angry/deviant/1	SHINEd_010_y_f_a_a.jpg
680989	0	20	cross/white	n/a
681496	0	22	white/angry/standard/2	SHINEd_010_y_f_a_a.jpg
681598	0	20	cross/white	n/a
682098	0	23	white/angry/standard/3	SHINEd_010_y_f_a_a.jpg
682188	0	20	cross/white	n/a
682694	0	14	red/angry/standard/4	SHINEd_020_y_f_a_b.jpg
682808	0	20	cross/white	n/a
682995	0	111	button_press	n/a
683079	111	200	feedback	n/a
732994	0	111	button_press	n/a
